user_id,lgb
1,[10149640  9297615   940947  8293439   865456]
6,[1024306  950638 6548453 1098844 5570882]
7,[1126899 1106523  993638 1122358 1070820]
8,[12302069   872137 12731436   825749   946839]
9,[1056005 1029743  857503 1106523  835098]
13,[1068719  951197 1075007 1075214 1137346]
14,[1127758 1025611 1103105 1093413  901666]
15,[ 845208 1029743 1070820  976199 1126899]
16,[ 899624 1044078  854852 1075368 1004906]
17,[ 862866  837569  948670 1118046 1110057]
18,[  944486   938118 12754036   990797   951412]
19,[  944486   999104 12384775   910473  1054262]
20,[1075368 1126899  995628 1016709  916122]
22,[1070820  920200 1082185  837304  827656]
23,[1075368 1138858 1034176 1079987 1051468]
24,[ 844462 1106523  870547 1094308 9835619]
25,[1075786  929018 1029743  866211 1002850]
26,[1022254 9296919  896862  933067  901062]
27,[ 963686  887503  883186 1101589 1102416]
28,[ 916122  940947 6533368  854900  951412]
29,[ 899624 1106523  854852  866211  940947]
30,[ 899624  910032 1106523 1127831  866211]
31,[ 901062 1040807 1070820 1138443 8290421]
32,[ 940278 8293447 1003649 1094924  901062]
33,[ 871756 1029743 5569327  976199  880150]
34,[ 1044078 12301109  1106523   847573   844179]
35,[6464165  858514  947201 1041796 1128016]
36,[10344586   865705   912451  8019977  1024306]
37,[1097001  916990 1067695 1056212 5569792]
39,[ 1126899   880050   957164 13158992  6395907]
40,[ 913210 5585510 1112205 1055504 1083043]
41,[  913210   909714   865705 12262830  5568729]
42,[1031087 6602697 1060673  839656  946839]
43,[5565151  854852 6602327 1096794  907631]
46,[1098844 9655679  999104  862335  889509]
47,[1044078  986912  885290 6534077  907631]
49,[1070820  826666 5569471 1110111  967144]
52,[880427 857503 862866 909256 879280]
53,[1087102  854405 6034857 5569471 5569230]
55,[1097280  885290  903609 8090537 1115800]
56,[ 940947  849202  979707  832678 9655212]
57,[ 986912 7139529  871756 1067695  970160]
58,[ 915493  865156  944836 8014645 1104343]
59,[8090513  940947  986912 1106523  865456]
63,[1126899  965766 1106523 1004906 1040346]
64,[7410336 1013928 1004906 1131344  949023]
65,[ 961889 1044078  986912  965766 1070820]
67,[1034176  951197 1098844  971922 1065538]
68,[1101010  856252  883932 1118033 1068719]
69,[871061 933067 948832 910673 845163]
70,[ 1106523  1029743   866211 12301100  1050851]
71,[1056509 9836106  832678 1126899 1122358]
72,[5585510  979707 1134398  991874 1001277]
74,[1106523 1105488  986912 1098248  899459]
75,[1044078 1029743  866211 1106523  854852]
76,[12301109   940947  1004906   854852   866211]
77,[1126899 9677874  944486 1055425 1082212]
78,[1039627 1082185  835098 1067779  930385]
79,[1127328 1126899  884686  854133  907625]
80,[1029743 1055504  844179  899624  866211]
81,[ 971922 1093413 1101010 1137775  944534]
82,[1084036  849202  847573  880150  844179]
83,[ 899624  965842 1106523  852856  866211]
84,[1004906  829722 5569374  976199 1127831]
85,[6602697  971922 1040807  986912  857503]
86,[ 865026  899201 5569376  820301 9707240]
87,[1079528 8293385  911614 1070702  961889]
88,[ 1075368  8090521   893018 12949590   888104]
91,[1029743 1075368  908318 1004906 1122358]
92,[  871061 12946027  1127758   854405   901062]
94,[ 976199  844179  908408 5568729 1106523]
95,[1090587  849018 8090532 8090519  870929]
97,[6463752  835618  896862 1075368 1072693]
98,[1091858 1042544  847241  916122  844179]
99,[1080677 6034857  916993 5591103  999563]
101,[ 1119112  1106523  1121360 12731432  1044078]
103,[1106523 1126899 1029743 5568378 1105488]
104,[ 919534 1101502  851066  906335  838186]
105,[1067695 1097001  880427 1067749 1016800]
106,[5569230 8090532 8090521  998119 8090537]
108,[8290421 1132771  914577  933835 1105488]
109,[ 1046756 12731436   944836   835098  1097418]
110,[1022254 5585510  871756  899624 1068292]
111,[1106523 1126899 1070820 1029743  956672]
112,[9527159 5569845  976199 5569374 1076056]
113,[ 1070820  1098844 13115914   907099   976199]
114,[ 1029743   948670  5568489  7025203 10344585]
115,[7154535  832678  963971 1018007  918598]
116,[1019637  976199 1104343 1106523  872137]
117,[ 948670 1077373 8065410 1105488  940947]
118,[ 1082185  1083043   901470   893018 13381584]
119,[ 844697 1138467 1051468  825994 1002771]
121,[1122358  870547  896862  962185  951190]
122,[ 940947 1086119  986912 1007512 1116635]
123,[ 1056509  1070702 12301405  1119761   944534]
124,[1037840 1075368 1106523 1029743  835530]
125,[ 834117  971922 5585510 1057749 1043751]
127,[ 983584 1075368  834117 1044078  865456]
128,[9420337 1098248 1029743  866211  878996]
131,[1075214 6979545 1024051  847207  849202]
132,[ 999198  862682  993638 1126899  854852]
133,[ 869728 6513604  866211 1013531  880150]
135,[1106523  823721  986912 1056492 1040807]
136,[8090521 8090537 5568489  865511 5569230]
138,[13841744   979707  1101706  1008814  6464147]
139,[1082185 9673830 1021324  866211 1050741]
142,[ 5569327  1082212   997011 13877192   990797]
143,[ 968732 9419525 1102416  885697  870547]
144,[ 925862 1044078  907631 1070272 1022254]
145,[1029743 1106523 1070820 1126899  909714]
147,[ 1106523  9419525   983584 12810393   834117]
148,[1069312 1003487 8090537 5568489 5569471]
149,[ 933835 8065410 1117514 1101010  913210]
151,[ 916122 1106523  844179 8090440 1044078]
152,[ 882308 1037332 1092303  865026 7166861]
153,[  897954 12301109   863447  1062128  1132771]
155,[  979877   889509 12648296  1067749  1122358]
156,[1094308 1075368 1006184 1016800 1005274]
157,[1098844  857540  949294  913210  838186]
158,[ 1025641  1092303 12731714  1128240  1113111]
159,[1086483 1131344  846823 1004906  825365]
160,[1135834 1070820 1101010 1087102  933835]
161,[7155863  957063  917384 1050851 1051323]
162,[1070820 1122358 6034857  964521 1022428]
164,[1029743 1106523 1131506 5569230 1087102]
165,[1104343 1070820 8090556  825343 1092303]
166,[1029743 1075368 1052294  844179  885697]
167,[ 833724 1106523 1029743  976199  841220]
171,[1044078 1004906 1029743  913210 1106523]
172,[ 891632 1118046 5569230  829722 1075368]
175,[ 870614 1070272  872137  903350 1029743]
177,[ 1029743   976199 13158992 10344585  1070820]
178,[13841744   963686   827656  1056005  1040807]
180,[ 1029743 12263692  5590613  5587656  1122358]
182,[1044078  898466 9835606 1083787  895166]
183,[8090440  854900 1040807 5981074 1076056]
184,[ 896085 1053924  844179 1028953  860167]
185,[ 838186  844179  944534 1029252 1029743]
188,[ 899624  916122 8090545  854900 1135258]
189,[13841744   986912  9707498  1135834  1132771]
191,[ 910032 1106523  965766 1002850  835098]
192,[5569230 1056509 1027168 1082212  961756]
193,[1029743 1015597 1030318 1125199 1104205]
194,[ 845208  854852 1051468  951412 6391381]
195,[1062128 1131382 1062002 1103618 1022254]
196,[1082185 5564303 1000753 1055155  926905]
197,[1126899  845622  963835 9881593 1075214]
198,[1118946 9677874  850102  866548  899624]
199,[1082212 1132771  971922 1029743 1081177]
200,[ 823990  854852 1122358 5568378 1126899]
201,[1138292 6034857 1103476 5567502 5569327]
203,[1082990 1126899 1106523  983584 1127328]
204,[1070820  923670 1029743 1131115 1126899]
205,[5569230  916122 1106523 1082185 1004906]
207,[ 976199 1026118  951412 1123022  839419]
208,[ 850925 8065410  885290  999270  865456]
209,[ 963971 1091520  896613  930283 1008032]
210,[1051323  910473  999779 1051516 1016800]
211,[ 945662  998444 1006878  907099 1136524]
212,[1050534  888054 1016782 1062002  837865]
214,[ 849100 1019643  901062 6633273  999104]
215,[ 879699  916993  985999 8019977  938300]
216,[1090676  974156  986912  943169 1067606]
217,[ 916122  976199  919534 1018740  986912]
218,[ 995151 1077133  878715 1115175 1097001]
219,[ 1127831   882604  1010578 12812261  9653535]
220,[1029743  839419  866211 1106523  899624]
221,[1130452  933835 1070820 1082212  925425]
222,[ 999779  993638  879699 1094190 1094308]
223,[ 955867  870547  999714  963971 1086483]
224,[ 850925 1056005  841220  899624 1029743]
225,[1029743 1043663 1106523  829852 1102067]
226,[ 970605  957232 1075368  933067 1042544]
227,[ 890955  871722 1068719 6534074 8090550]
228,[ 986912 6034857 1126899 1139782 1070820]
230,[1124695 1021116 8090537  913210 1128240]
232,[ 913210 1016800  862799  926905  907631]
233,[1122568 1029743 1106523  883003 8090537]
235,[1070820  871337 5568729 1006342  983584]
236,[ 827999 1014948 1022254 1130029 1043787]
238,[ 948670 1102416 1075368  932340 1037840]
239,[  835098  1135258 13115501  1081177  1044078]
242,[ 939681  978343 1126294 6463742  999104]
243,[ 901062 1126899  909714 6034857  991223]
244,[1126899 1106523  940947  854852 5578547]
245,[1106523 1000753  972416 1132771  863447]
246,[12349795   872137 12301405   844179   839656]
247,[9419487 1000753  901062  883003 8090537]
248,[1126899  915064  883003 1015785 1029743]
249,[1068719 1029743  965766 1038663  949142]
250,[8090537  847374 5568378 1110244  885697]
251,[848029 874972 880150 940278 907631]
253,[12731544   913210  1127328   832678  1022254]
254,[ 862535 1106523 1029743  865511  990797]
255,[ 946839  844179 1029743  995876  916122]
256,[5568378 1111786 5569327 1101706 1082212]
257,[1106523 1038663  918046  957063 1093413]
258,[1029743  872137 1122358  854852  834117]
259,[1087605 1062128 6391381  865456  976199]
260,[ 913210  834117 1029743  865456 1106523]
262,[1040807 1132771 1124971  946839  971922]
263,[  940947  1086740   999270  5568758 13210025]
267,[ 901976 1044078  844179  916122 1106523]
269,[1139782  863447 1004906 1106523 1131438]
271,[1045586  976199 7462562  959316 1040807]
273,[1106523 1069538  930283 1043663 6979579]
275,[1106523 8205418 1081262  918638  863447]
276,[13115894 12810391   904997 13512542  1053924]
277,[ 845208 1012922  844179 1131344 1029743]
278,[ 971922 1106523 1137775 1070820 1063707]
279,[1029743  919534 1022254 1082212  990797]
280,[12731544  1029743   916122  1106523   999270]
281,[1070820  854852  999104  844991  899624]
282,[1110057  979707 1013389  957736  930344]
283,[ 878715 1108094  940947 5569471 1019637]
285,[10344586  6464147  1013389  1000753  1025611]
286,[1055504 1106523  899624 1051211  854852]
287,[1106523 1029743  969866 1128240 5590695]
288,[1098844 1082185  983584 1070820 1054539]
289,[1093571  858439 1042765 1104343 1048257]
290,[1068719 1013928 7441873 1053282 9835223]
291,[ 911311 1106523  845265  827919  989069]
292,[1106523  933835 1029743 1126899  913210]
293,[14106445 13008334   979707 10456568  9553382]
294,[9245108  844991  905087  932949  824180]
297,[  874972  6423911 12648296   915459   907631]
300,[ 888054 1041796  830503  944534 5568072]
301,[ 874972 9527159 1040807 1074333  889509]
302,[10344586  1029743  1070820  1106523  5570383]
303,[1118033 7144131 6534074  895930 1040807]
304,[ 933067  871061 5585510  896862 5591103]
305,[1029743 1050741 1000237  885290 8090532]
306,[  910032  8065410 12731432   937292 12782182]
307,[1074040 1019637  899624  961979  933835]
308,[  821741   963835 13841744  5569230  1043787]
311,[1106523 1029743 6034857 1070820  983584]
314,[1082185  882308  820486 1106523 1123254]
316,[1025611 1133312  999779 5568378 1122358]
317,[ 913278  849870  983584 1087102 1110244]
318,[1106523 7025203 5569230 1029743  835618]
319,[1117514  976199 1089025 1019247  935993]
320,[872137 854852 861279 951412 835098]
321,[1116050 1056509 1058214 1075214  944836]
322,[1006342 1135552  872137  976199 1014948]
324,[1090587  957232 1098844  918676 1070820]
325,[1029743  948953  976199 1013389 1106523]
326,[1037840 8090521 5569230 5568378 8090537]
328,[ 925862 1070820  940947 1048257  885290]
329,[ 944836  854852 1127831 1022097  901062]
331,[1004906 5569135 1051211 1127831  865174]
332,[6034648  845208  909714 1070820  976199]
334,[1082185  819845 9526572 9487606 1063577]
335,[1106523  934399 1082185  863447  854852]
338,[1026118 1082185  835098 1044078 1024306]
339,[1106523 1029743 1004906  995628 8090509]
342,[ 990797  972143 1037965  925862  965530]
343,[5568378 1029743  848319 1106523 7139529]
345,[1068719 6602697 5592931  833940 1104343]
346,[ 1029743  1101010 12731685   866211   986912]
348,[1029743 1068719 1127758 1024306 1044188]
349,[ 976199  844179  916122  965766 1044078]
350,[ 885697 1110244 9833277 1044078 1087102]
351,[ 8020166 12262978  1000753  1077133   894439]
353,[1022254  839656  944139  901062 1134810]
354,[ 849202 1030182 1050851 1097001  983267]
356,[ 834117  865456  851188 1037840  913210]
357,[1040807 1126899  983584 1106523 1056509]
358,[5569230 5568489 1043787  872137  957232]
360,[5568378 1106523 1029743 5981267 1042438]
361,[1101010  885290  862799  865456 1070702]
362,[ 919766  993638  890610  986912 1126045]
365,[1062128 1136719 5566309  955275  953561]
367,[ 1070820   833724  1047769   944938 10204556]
368,[1004906 1075368  908318  919534  899624]
371,[ 957736  890695  944139 1054402 1065061]
374,[ 878715 1110111  910032 1026118 1081177]
375,[8090532 1029743  965766 8090537 5569230]
376,[1044078  999270  965766  917816  896862]
377,[1082185 1029743 1126899  937928 1106523]
378,[916122 933835 944534 899624 904833]
380,[ 965766 1041796 8090521 1098284  996269]
381,[1075368 1081177 5569230  933835 1037840]
382,[ 999250 1125278  823862 1138443 1106523]
384,[ 1034176  1065538  8293447 10180324  1117358]
385,[ 878715 5591520 1087102 6034857 1031419]
386,[ 1119761  1083787   854900   887325 12301100]
387,[ 952408  904148 1126899 1004475 1113274]
388,[1029743  849274 1106523  890955 1070820]
389,[ 1126899 12810464  8090536   891632 10344585]
390,[5569230  894439  993638  888543 1072693]
392,[ 940947  963835 6602697  832678  951412]
393,[1013928 1031316  870428 6464165 1102416]
394,[1137775  899624 9677949  854852 1004906]
395,[ 986912 1106523  858439 1105488 1126899]
396,[1075368  901062 1037840 5585510 6034857]
397,[1126899  933835 1128016 1108994  931255]
398,[5981072 1022097 1029743 1037840 1075368]
400,[ 950638 5567702 1056509 1110692  963835]
401,[ 948832  965766 1127758 1070272  916122]
402,[ 853448 1040807  819978 1004906  854852]
403,[ 863447  944534  880150  844179 1075368]
404,[ 918676 1092588  990656  880427  885406]
405,[ 948670  916122 1101010 1087102  899624]
406,[5585510 1057102  901062 1004906 5578547]
408,[1127831 1034176 1056005 5569230 5569327]
409,[1070820  852572  979707  999858  829323]
410,[ 1029743   948650   999858 12810393   880150]
411,[1082185 1050851 9677874 1075368 1048237]
412,[ 1005274   945909 12428436   995628 10344585]
413,[1106523 1082185  970160 5569230 1098844]
414,[  826597  1042544   940947 12349795   933067]
415,[ 864893  872762 5568378  976199 1055472]
417,[  863030  1082185 12301109  6464165   903800]
418,[ 1065061 10457044   991024  1135834   990688]
419,[5569230 1106523 1004906 5569471 1082185]
421,[901776 986912 868888 959272 915064]
424,[ 897083  849202 1040807 9676866  844179]
425,[  871756   870428  1039627 12648296  1130858]
426,[14106445   929018   945909  1011926   972665]
427,[1082185 5569845  976199 1106523 1029743]
430,[1070845 1106523 1006483  986912 5569230]
431,[1070820  834117  913210 1029743 1106523]
432,[ 999250  871061  961979 1004906 1044078]
433,[ 849003 1082185 5565202 1106523  896613]
434,[1058214 1068292  829950  919534  895166]
435,[8090537 8090532  909714  971922  835098]
436,[1029743 1133254  902172  998444  934948]
437,[ 948670 9884698 1099089  913210 1103105]
438,[ 8065410   951197  5981072 10149640  1101980]
439,[ 1044078 12301100  1004906   916122   844179]
441,[ 834382 1038985  844697 6533681 1001412]
442,[ 976199 1106523 1081177 1074333  835098]
443,[1090676  899624 1056509 9396705 6463775]
445,[1017887 9677366 1046756 1117514 1106523]
447,[ 866211 5981267 1029743 1041796 5569327]
448,[7166861 1132771 1128016 1106523 6463717]
449,[ 866211  863447  899624 1037840  844179]
450,[ 863762 7025204  933835 1024051  998206]
451,[ 934639  916122 1070820 1105488 1009770]
454,[5569230 5585510  929341 1019247 6463752]
456,[ 910207 8090536  824193  901916 5570383]
457,[1029743 1106523 1070820 1126899 1132771]
458,[12810391  5569230   899624  5569471  8090537]
459,[ 863762  885290  901062  908318 1105488]
460,[1029743 1102879  824305  825703  956672]
461,[1050851  918684 1004906  897954 1068292]
462,[ 986912 7024871 1137775 6513604 1105917]
463,[12810393  1082185 12811532  1055504  1106523]
464,[9419528 1029743  993638 1056509  883003]
466,[1025611 1044078  893018 1106523  916122]
467,[1106523  865456  913210 1127831  834117]
468,[1131506 1106523 1098284 1082141  965766]
469,[ 849202 1128016  951412  972437  901062]
470,[1119784  871633 1075368 1037840  918588]
473,[1108168 1053016 1019247 8014645 1056509]
474,[1106523 1068719 1133312  844179 5568378]
475,[1075368  908318 1004906 1055504 1126899]
476,[1092937  870428 1038663 1126899 1119860]
479,[ 910032  896862 1068719 1037840  999270]
480,[ 1047769 13876901  1004906  5569374   857503]
481,[1018740  895930  946839 1040807  933835]
483,[1106523 5590695 5981074 5590613 1026984]
484,[1050851 1104898 1117514 1070820 8273833]
485,[1029743  862799 1020404 1083787 1067779]
486,[1137775 1101010  965766 1068719 1044078]
487,[835098 909714 883003 944836 971922]
489,[1010259  986912  990688 1022254 1138443]
490,[ 5568729  5592931 13512017  1075368   908064]
491,[1055504 1056509 1006184  859191  976199]
493,[1021416  947201  839656 8090539  982790]
495,[12810391   899201  6534480  1103105   861279]
496,[ 823990 1106523 1029743  899624  999270]
497,[8293447 1106523  823704 1029743 1126899]
498,[1106523 1126899 1029743  861279  938300]
501,[ 878222 8090537 8090532 5569845 8090521]
502,[  893018   947201 12302069  1127758   860167]
503,[1070820  849003  971983 1134398 1127716]
505,[1029743 1106523 1126899  844179 7166861]
506,[5569230  954651  992730 8090521  899624]
507,[ 960791 1014948  829722 1085983 1044078]
510,[1019643 1131115  944836  883616 1097761]
511,[ 1116635  1128240 12301100   983584   895166]
513,[8090532 1132771 1018740  999714 6463907]
514,[1126786  866211 1105488 1127328 1127831]
515,[1106523  999714 1070702  899624 1029743]
517,[ 878715  888275 1107973 1045586 1126899]
518,[10344586  1090676 13841744   952408   961756]
519,[1029743  888586 1106523 1070820  962266]
520,[1029743  913210 1104343 8090537  903350]
521,[ 1056212 13877192  1004906   985699  1105488]
523,[ 968072  898121 1131488  902094  844179]
524,[1106523 1082185 1029743  999104  854405]
525,[ 829852  986912 1029743 6602697 1106523]
526,[  913210  8090556 13158992   951190  5569230]
527,[ 6514259 12987976  5567582   912704 12988031]
528,[1070820 1029743 1126899 1106523  866211]
530,[ 979707  849697 6034857 1067795  859427]
534,[1124695 1029743 1106523 1022053  896757]
536,[1029743 1051211 1106523 1126899 1044078]
537,[1004436 1116635 6633273  951561  844179]
538,[1070820 1098844  906838 1082212 9296919]
539,[ 878715 1068719 1070702 8014645  999270]
540,[ 916122 1000237  989830 6034857 1005274]
541,[ 899624  951197  866211  916122 1126899]
542,[1106523 1050851  916122  824796  970202]
543,[  879734   989409 12754036   996955   820486]
544,[1029743 1081177  951412 1105488 1070820]
545,[ 922127 1040807  878996 1004906  903800]
548,[1110409  885406 8276172 1101706 1098435]
551,[12298966   919681   976199  1004906   857503]
553,[1040807 1110244  849202 1135834  885697]
554,[1034886 1106523  824180  946839  901062]
557,[ 857503 1004906  901062 5585510  908318]
558,[1106523  893018  844179  933067 1029743]
560,[957232 870547 978343 957063 863885]
561,[ 938138 6034857 1000753  909268  916122]
562,[1074333  901470 1029743  854405  965842]
564,[1105488 1055504  951412 1122358 5568378]
567,[1044078  844179 1070702  974156  861279]
568,[ 947798  936753 1038663 1051323 7147145]
569,[6391080  981677 6553237 1131374  921406]
573,[1070702 1008032 1068719  899201 1137346]
574,[1079228  978906 1059922  891505 1083446]
575,[ 890610  953561 1000237 1011920 1048257]
577,[1056509  827656  948832 7025202  999104]
578,[ 854405 8090521  868415  847207 5569230]
579,[  844179  1075368   880150   999270 12301109]
580,[ 1118946 12731544  1041796   966348   940947]
581,[ 834158 1126899  983584  909268 7441498]
582,[1021324 1082627 1110111 5569230 9296919]
583,[8020166 5569230  843898 1029743  970605]
585,[1029743 1126899 1070820  872137 1005274]
586,[9677874  906335  937928 1042438  860703]
587,[1114653  916122 1044078  887503 5569230]
588,[ 933835 1024306  919534 1138443  825749]
590,[ 916122 6463775 1075175 1081177  839243]
591,[1050851  933067 1065017  935993  917384]
592,[857503 872137 901062 923789 909714]
593,[ 984575  853998 1106523 1029743 1070820]
594,[1106523 1029743  832513  865456  957232]
595,[ 865992  856060 1106523 1029743 5569327]
596,[8090521 1106523  879734 8090537 5569845]
597,[1126899 1059347  967948 1062002  893018]
598,[ 1106523   850925 12731544   883616   854716]
600,[ 919766  938138 1046587 1021324  837304]
601,[ 833940  829291 1126899 1037332 1021715]
602,[ 882308 1029688  995916 1029743  849202]
603,[ 933067  871756 5591170  829001 1127758]
604,[ 914577 6979545 1126899  901776 1005274]
605,[1106523  948670 1126899 1119112  936741]
606,[1026118  854852 1046545 1105488 1006184]
608,[1106523  863762 1083446 1121393 1127758]
609,[1106523 8090537 1038985 1029743 6632283]
611,[1106523 1029743  913210  907631  940947]
612,[1029743 1082454  839656 1103476  871061]
614,[ 965766  939636 1029743  982955  952408]
615,[ 883003  971922  976199  901062 1132771]
617,[9546982 1126899  951412 1029743 1106523]
618,[1070820 1037840  949294  951561 1101010]
621,[1112825  844179 1107039  869728 7024927]
622,[1034176 1106523  895680  986912 1038663]
623,[  916122   986912 10344585   933835  1043751]
624,[ 5592931  1008032   865992   941856 12302069]
625,[ 933835  986912 1070820  901062 1087102]
627,[6552253 1092303 1106523  899624  901062]
628,[ 981086 5569230 1029743 1106523  829852]
630,[ 1070820  6464147 12731432  1106271   880895]
631,[ 839485  985160  957013  852856 1033142]
632,[1122358 8090440 1009368  989824  865456]
633,[1002787  833940 1075368  850102 8090537]
635,[854852 878996 866211 899624 909714]
636,[ 5592931  5585510 13115914  5590613  1022254]
637,[1103105 1043494 1099164 1100972 1106523]
638,[  887503 13213240   919534  1059347   971922]
641,[ 1126899  1070820 12731432  1055504 13213240]
643,[1029743 6463729 6534035  899624 1106523]
644,[ 948670 1027168 1081262 1005274 1019637]
647,[1040807 8090537 8090536 1043751  845208]
648,[ 899624  839419  854852 1026118 5578547]
650,[  852856  1029743 12301100   910032   976199]
652,[ 890610 1065061 1051211 1121059  830503]
653,[5569471  979707 1056509 9296919 1039224]
654,[ 864893 1138443 1040807  899459 1034176]
655,[ 901976  833940 1044078  985999 5568378]
656,[1082185  974265 1026118 9881593  926905]
658,[1029743 1106523 1126899  885290 1068719]
659,[ 844179 5569845 1029743 1044078  880150]
660,[1126899 1125199  904236  886996  982790]
661,[  904359 13158064 12262778  1004596 12262978]
662,[1070272  893018 1005274 1115098  957736]
663,[1082185  945662 1006184  835098  860299]
664,[1004906  866211 1106523 1029743 6034857]
665,[ 901666 1004906  872137  907631  933835]
666,[9677874  972235 1106523  860167  844179]
667,[12946027  1022254  1029743  1044078  1004906]
668,[1029743 1022254  985889  859427  992986]
669,[1126899 1082185 1010185  971922 1098844]
670,[ 9419487 10150194   867547   971922  1128016]
671,[ 1029743 12384953   843259  1056509  1067606]
672,[1029743  983584 1106523 6034857 1070820]
673,[ 907631  844179  854852  872137 1100972]
674,[ 863447 1122358  936914  888275  956486]
675,[  870547  1106523   910673   987044 12132315]
676,[  899624   850102   947798 13841744  1081177]
679,[1098844 5569471  974204 1062002 5569374]
680,[ 1034956  1051211 12301109   832442  1050482]
681,[ 856252  850102  902094 1134483  967461]
684,[ 910032  977658 1106523  999858 1042544]
685,[1015539 1097398 6534077  883202 6534578]
686,[872137 976199 899624 946839 940947]
687,[5592931  951197  824931  906838  845622]
690,[ 850925 1037840  883003 1132771 1031316]
692,[1019643 1004436  972416 8181451 1135834]
693,[ 951164 9245108 9836195 1044188 1037337]
694,[1037840 8090537  883932 1043730 1101010]
695,[13039088   839656   888054  1115175   882247]
696,[1126899  971922  983584 1092588  868548]
697,[ 879445 6034577 1104343 6602327  989830]
698,[1106523 5568378 1029743 1074754 1126899]
699,[1043751 1000736  858439  885697  935393]
700,[ 865528 1106523 1043751  910032 1053730]
701,[ 959316  913026  891632 5569230  839656]
702,[12731432  9835947  9836195   899624  1103691]
703,[  916575 14106445  1043751  1041796   901776]
705,[1029743 1106523  976199 1122358  999104]
706,[1034886 1050851  936355  824305  869047]
707,[5569471 9521679 5585701 1110111  929018]
708,[  845208  1029743  1102949   909249 12949855]
709,[ 1075368   880150 12810393  5585510  9833277]
710,[  922636  1106523  1024051 13381584  1037417]
711,[1037840 1026118 1029743 1106523 1044078]
712,[1070820  872137  902172 7168026  965842]
713,[5569230 1075368 8090537 1037840 1106523]
714,[1082185 1126899  899624  854852  944139]
715,[1040807  885863 1087102 1042907 1022254]
716,[6034857 1004906  844179  909714  899624]
717,[1029743  866211  854852 1075368 1106523]
718,[ 5585510  1054483   963971 12731432   917384]
719,[ 895930 1040807  933835 1043751  986912]
720,[ 863447 1056212 1055504  854852 5563693]
721,[1126899 1102067 1070820  893018 1106523]
722,[9419487 9297615  918676  944249 8293385]
723,[ 883616  909268  934948 6034857  999104]
724,[ 854852 1029743 1062128 1126899  834117]
725,[ 957063  999563 5569327  893018 1106523]
726,[  859427 12302069   956486  1097418  1022254]
727,[1076226  950894 5568729  961980  911311]
728,[1080677  977798  976199 1106117  904359]
729,[ 899624 1070702  857503 5568378 6034857]
730,[8293447 1126899 1029743 1070820 1106523]
731,[1068504 8090532  986912 9835619 1070820]
732,[ 957232 9547021 1038684  848319 1070820]
733,[5569471  866211 1102250  899624 1106523]
734,[ 959737 1029743  970160 1106523 6391381]
735,[1082185 1072523 1106523 1029743 6548453]
736,[1029743  918684  830503  899624 1021324]
737,[1041796 1121393 1055504 1098248  899624]
740,[ 956672 1022254 1051516  944534  901062]
741,[ 845208  916122  976199  823721 1112238]
742,[ 965766 1029743 5591814 1106523 1070820]
743,[ 5564303 12384775   844179  1027068   866211]
744,[ 992529  939636 1051323 1056509  978906]
745,[8069350  983106  854754  854852 1109014]
747,[8090537 1004906 8090509 8090521 1029743]
750,[ 866211  907631  919534 5568378  844179]
751,[ 947201 5567502  896862  976199 1113438]
752,[12810422  1100972   862725   986912  1082212]
753,[1075368 1029743 1126899  872137 1026118]
754,[1005274 1126899 1036347  901062 1070820]
755,[  878442  1100972 10149640  1137775 12782182]
756,[  883003 12301109  1040807   971922   909714]
757,[ 947201  940947 1126899  838186 1075368]
758,[ 916990 1029743 8090537 1106523 1044078]
759,[ 906844 1131374  854852  899624 9653714]
761,[1029688 1083787 1103691  834382 1115576]
762,[  986912   938319  8290421 10457044  1104414]
764,[1029743 6391134  878996 1014458 1106523]
765,[ 1044078  1050851   946839   823721 12171656]
766,[1098844  916990  901062 1026118  935578]
767,[1042571 1029743 5591520 1102879 1072523]
768,[ 845208  913210 9526572  849505  834117]
769,[6602440 1106523 5592261 1070272 8293447]
770,[ 1029743  1085138  1126899   899624 10204556]
771,[ 995965  965842 1093571 5568729 6034857]
772,[ 899624 1044078  854852  866211 1106523]
773,[  835973   966684 10344585   866211   899624]
776,[1082185  972931 1109948  907631 1043971]
777,[ 923670  959316 6533608 1029743  862725]
779,[ 976199 1092303 5568489 1098248 8177622]
781,[  854405   871061 12946027   865156   910673]
782,[1106523 8090545  898068 1016276 5569327]
784,[5569230 1008032 1068719 1139782  965530]
785,[ 923789 1126899 6602697 1051516 1037332]
786,[ 878715 5569230 1065538 1127328 8090536]
787,[1079528  999104 1029743 1122358  854852]
788,[1108168 1024051  983584  985893  947798]
789,[ 844179 1004906 6034857  916122 1044078]
790,[8181555  961620  870929  872177  992730]
793,[1127328 1004906  947201 1044078 1087605]
794,[ 950638 1051211 1053730  857503 1106523]
796,[ 969866 6633210  986912 1068504 1044078]
797,[ 1048257  9835509  1005274 12988031  5570383]
798,[13841744  9655679  1126899  6463742   834117]
799,[1126899  901062 1106523 1070820  990797]
800,[8090532 8090537 9835509  995965  860703]
801,[1082185 9884698 5570408 9245106  844179]
802,[1118946  996087  983584  839656  827667]
803,[ 969725 5569230 1018769 1104649 1115553]
804,[ 1013928   957063 12301100   983584  1101010]
805,[ 870547  916122 1029743  949023  982469]
806,[ 844462 1082185 9546982  889509 7024871]
807,[1132911 1126899 6034857  965530  957736]
808,[1029743  883202 1100972 1106523  952972]
809,[  961979  1138443 12946027  1040807   823862]
811,[5568378  899624  854852 1029743  983584]
812,[1021116 1106523 1121059 1042438  885290]
813,[6979803 1050851  832513  931579  896862]
814,[ 985999 1012587  907631 1029743 1106523]
816,[ 901062 1075368 1054539  913210  959179]
817,[8090440 1070820 1092588  904574 1075214]
818,[1029743  839419  904833 1004906  909714]
820,[8090509 1037840 9884698 1089025 1023815]
823,[ 899624 6034857 5569230 1067606 1068292]
824,[1106523 1038745  982393 1004906 1016800]
825,[12262978   910207   915493   913210   834158]
826,[ 961620 1037840 1075368  852856 1030093]
829,[ 960791  933835 1018740 1029743 1104414]
831,[ 856252  890695  957736  999714 1027849]
836,[ 851287 1106523  940947 9884698  912451]
838,[  844179 12810393  1029743   925178   880150]
840,[  863447  9832469  1094190   881249 12812261]
841,[ 916122 1128240 1044078  863447 1106523]
842,[  967948 12301338  1038663   985699  9245108]
843,[1029743 1086740 9245108 1042544 1081177]
844,[1127831 1123146  974265 1011457 9835509]
845,[8090537 6554202  918598 8090533  909714]
846,[829291 837865 899624 866211 890695]
847,[1005274 1008074 1001827 1121694  932863]
849,[6602327 8290421  854754  872137  961979]
850,[ 823990  957232  899624  854852 8293385]
852,[1070820 1126899  986912 1106523 1029743]
853,[6602729  871722  970202 9653714  951412]
854,[ 976199 1080354  861279 1029743 5569327]
855,[1029743 1098844  986912  963868 1083446]
856,[9419487  844179  990797  944534 1127758]
857,[ 922561  996259  865026 5567502  883932]
858,[1106523 5568378 1004906 1126899  872137]
859,[ 1075368 13841744  1042438   887503  5569230]
862,[5570408 1041796 1094308 1126899  851188]
863,[ 863447 5569135  916122 1037337  928932]
864,[ 933835 1132771 1101010 1128812 1005576]
865,[6443332 1008074 1106523 1075368 1067606]
866,[ 983584 5585510  870547  825343 1128240]
867,[ 983584  825365  937928  938118 1075368]
868,[ 834117 1022097 9884484  971922  901776]
869,[ 983000 5592931  996444  895680 8090537]
871,[ 878715 1108094 1055425  897083  880150]
873,[ 854042 1065979 1029743 1122358 1025611]
875,[ 839243 8090513 1121393 8090537  913210]
876,[ 885863 1003649  916993 7155863  839419]
877,[1126899  871061 1106523 1070820  904129]
878,[ 947798  985893  850102 1118033  838186]
879,[ 5569230   880150   844179 12301839   916122]
880,[1029743  916122  899624 1106523 1105488]
882,[ 892500  969836  957063 1137775 1017201]
883,[ 950638 1057749 9524291  961979 1022254]
885,[5587656  899624 6534035 1040807  835530]
886,[1070820 1004596 5565202 1094308  957232]
887,[ 950894 5585510  884945  957232  983584]
888,[6034857  901062 1126294 1000237  918598]
889,[1132231 8090532 1132036  990656 1083446]
891,[ 972235 1093571  854405  913278  983584]
893,[1106523  916122  895295 1042544  872137]
894,[ 891632 1029743  909714  899624 1070820]
895,[7024847  866211 9829205  919534  868888]
896,[ 833598 9677236 1019643 1132771 1062002]
897,[1079528 1126899 1106523 1087102  883003]
898,[ 848319 1026118  859427  938300  909268]
900,[986912 944534 879393 976199 885863]
901,[ 1008032   968759 12301839  1132198   922561]
904,[ 836445 1106523 1029743  854852 5569230]
905,[ 899624 1101706  991223 5569845 1004945]
906,[1137507 1082185  860703  911974 1048237]
907,[ 986912  961979  985999  896613 1044078]
908,[  862866 13115914  1022254  1104343  1051516]
909,[ 976199 9296856  848319 9935616 1122928]
910,[ 894439 5582712  940947 1044188 1106523]
911,[ 979707 1051516  901062 1117514 1024306]
913,[1070820  994223 1121656  834117 1126899]
914,[  862335  1033142 12302069   823721   883932]
915,[ 880150 1068719  844179  897954  863447]
916,[1075368  824193 1110692 1010681 5568729]
919,[1044078 1029743 1081177 1106523 1126899]
920,[1106523 1097001  826666  949294  999779]
922,[ 1132198   956902  1130581 12384779   847207]
923,[1000753 1070702 1042544  896613  902396]
924,[1029743  905636  923673  940766 1013597]
925,[ 944836  880150  907625 1071556  916122]
926,[1138443 1134633 1097418 1137688 1101706]
927,[1087102 1081177  857503 1005274  986912]
928,[1037863  835098 1026118 1110857 1101706]
929,[1070820  938319  890695 5568729  871188]
931,[ 972235  866043 7462562  824931 1040807]
932,[ 832513  826666 8090537  838186  865456]
933,[1106523 1042544 1021324 5569327 1044078]
934,[ 1068719  1135258 12731685   933835  1043751]
936,[ 983584  961979 1003616 1121360 1120928]
937,[1134810 1126899 6034857 1021116  995965]
938,[1087102  990797  865705 1040807  854405]
939,[ 1029743 13841744  1106523  1102416  1103105]
940,[ 976199 1029743 1106523  872137  957013]
941,[6464166 9677236 5568378 5569327 1128016]
942,[1015539  946995  879876 1014388 6534480]
943,[5592931 1106523 1035207 1029743 1083787]
944,[ 866211 1127831 1101010 1132771 1004906]
945,[1082185 1029743  835098  916122  866211]
946,[1082185  832678  944534 1132771  825994]
947,[12731544  1101010   895930   883003  1081177]
949,[1035691  829001  991024 9881593 1044759]
951,[1029743 1050851  823704 1042438 1106523]
952,[1075368  856215 1122358 1070820 1037840]
953,[1029743  877310  965842  854405  999104]
954,[ 899624 5568378 1105488 1070702 1029743]
955,[ 860703  911974  837751  825749 1041688]
956,[ 1070820   970455  1057749 12262830  1022254]
957,[ 5592931 13841744   986912 12811532   969866]
959,[1047076 1106523 1029743 1070820 1126899]
960,[ 886395  872137  857503 1070820  899624]
961,[1082185  956672  909249  986912 5568732]
962,[10456568  1105917   940947   848319   943362]
964,[1106523 1044188 1051211 5569230 1126899]
965,[  871756   944534  1122358 12301100  5592261]
966,[1029743 1106523  976199 1044078  844179]
968,[ 983584 1016800 5569327  856252 7442008]
970,[1106523 1029743 1110218 8090537  910032]
971,[1075368  878715  919535  866211 1061982]
972,[13008334  6632283   832678   982790  1136719]
973,[  896085   885406 12731436   879280   944836]
975,[ 5569471  5569327   995965 13381584   868888]
976,[1082185  971922 5568729  826666  902172]
977,[1113438 1029743  834117  902396 1106523]
978,[7025203  912704  826597 1070820 1042907]
979,[1082185 8066803  854261  888586  904236]
980,[ 917427  844179 1029743 8090537 1106523]
981,[ 854852  899624  866211 1081177 1029743]
982,[983584 870547 960732 919534 910032]
983,[ 1075368 12302069   834117  1102416   922636]
984,[9655078 1126899 1070820 1106523 1029743]
985,[1029743 1040807 5568729 9245106 1106523]
986,[5572220  916122 1116635 8090440 1075368]
987,[1065538  986912 1137775  819978  933835]
988,[1070820 1044188 1102067  965772 1024051]
989,[7147145  986912 1122358 8090509 1130029]
992,[ 909714  835098  901062 1101010  878996]
993,[9483753  887661  971922 8090541 1138443]
996,[ 953539  978077 9296919  845208 1081177]
998,[9836106 1000753  901460 1037840 5568732]
999,[1029743 1044078 8090537 8090532  907631]
1000,[ 986912  957232  854852 6034857 1131438]
1001,[ 1135834   997987 12301109  1126899   893018]
1002,[ 837569 1050851  946839 5981267 1051211]
1004,[ 897083  849202 1029743  995628 1046587]
1005,[1044078 1108168 1119761 1132231  937292]
1006,[1106523 1029743  965766 1070820  835098]
1007,[5569327 1124432 1106523 1029743 1122358]
1008,[  910473 13115501   913210   834117   916122]
1010,[ 953539 1127831 9527323  854405 6463775]
1011,[ 916122 1046756  944836  891423 1070272]
1014,[ 948670  911974 1019643  995965 5981074]
1015,[1037332 1051211  896613 1056509  913210]
1016,[1110111  901916 1126899 6979803 1053628]
1017,[10198378  1102829  5592931   944139   890695]
1018,[ 858514 1018740 1070820  936355 1106523]
1019,[1106523 1043663  863447  854852 1068292]
1020,[ 1070820   965766 10149640  1037332  1135044]
1021,[1014948  838186 1029743  852856 1067606]
1023,[1026058  963835 6514085 1091858 1044259]
1024,[1040807 1070702 1043751 1038663  940947]
1025,[12810389   856060   865456   845622   894401]
1027,[ 862799  899624 1040807  914318 1126899]
1029,[ 1126899 12731436   885290  9297615  1040807]
1032,[1029743 1106523  916122 1070702 5568378]
1033,[9835223 1051516  937292  979707 8065410]
1037,[ 899624 6463789  916122 1106523 1029743]
1039,[9419422  917438 1085138  972931  862335]
1040,[1126899 1075368  849202 1050741  999090]
1041,[ 870547 1116635  948832 1040807  965693]
1042,[1079228  985999 1054262  951412  849505]
1045,[ 985893  852572 1043663 1109615 1124695]
1046,[ 888104 1126899 5981072 1109615  916758]
1047,[  844179   899624 12810393   944534  1029743]
1049,[ 1029743 12428436  5568378   983584  1070820]
1050,[5590965 9673980  863447 5981074 1137688]
1051,[1029743 1137775  838186 1004906  933835]
1053,[  979707 12731544  6602327  1137775   835279]
1054,[1043787 1046756 9575582 1019247  824758]
1055,[ 883202 9858847 1041796 1100972 1122358]
1056,[  899019   998206   972931   832678 13841744]
1057,[1117219 1079528  916990  908318 1126899]
1058,[1129049  883003 1139786  993638 1013928]
1060,[ 1055425 12731436  1040807  1051211   990797]
1061,[9835223 1038663 6423911 1127758  844462]
1062,[5569327 1106523 5568729 1135258 8090537]
1064,[1093571  862799 8090521 5569230 1029743]
1065,[1132771  952408 1041796 1072917 1139142]
1066,[ 854405  924352  885290 1100972  944534]
1067,[ 974156 1126899 1029743 1075368  946839]
1068,[ 999779 1025611 1044078 1106523  896613]
1069,[ 904129 1029743  989069  999858 9419443]
1070,[1134398 8293439 1096635 1006184  901062]
1071,[1106523 1070820 1029743 1105917 1085983]
1072,[  936753  1138467  1103105 12949590   944534]
1073,[5569230  965766  829001 1013597 7441210]
1074,[ 951197 5591170 9881593 1105917 1054262]
1075,[  910673 10149640  1029743  1002850  1106523]
1076,[ 999714 1036347 1075368  865456 1089954]
1077,[  891632 12731714   893018   937292  1029743]
1078,[1082185  965766 1126899 1098844  878996]
1080,[  899624  1068719  8090537 12384775  5569471]
1081,[13071902  1024319   880150   899624   974265]
1082,[1106523  863447 5568378  910473 1004906]
1083,[839419 933835 864335 899624 854405]
1084,[ 847241  907625  844179 6704207 1122358]
1085,[  944139   908064  1040807  9881592 12648296]
1086,[ 844179  916122 1126899 1044078 1106523]
1088,[ 997011  835530 1127025  977658  925862]
1089,[1029743  947798 1006483 1106523 1054262]
1091,[12302069   932863   879504  1139142  1060408]
1092,[1128016 5591170 1106523  872137  976199]
1093,[1082185 1037332 1004906 1004390 5585510]
1094,[1042438 1051323  933835  904236  899019]
1096,[1022254  866211  901062 1029743 1004906]
1097,[8181451  982469 8090440  981677  823862]
1098,[5585510  864893  901062 8205418  983584]
1099,[1110111  986912 5585510 6034857 1050741]
1100,[ 976199 1029743 5568378  910473 1042438]
1102,[1086483 1104649 1051516  847207 1009187]
1103,[1126899 8090440 1051211  862535 6391381]
1104,[ 986912  901460 1065979 7442008 1013407]
1106,[12757316  1106523  1037840  1029743   933835]
1107,[ 965766 1082185 1070820 1106523  983584]
1109,[1070820 1109014  968992  899624 6034857]
1110,[ 916122 1018007  948650 1070820 1029894]
1111,[1082185  854852 1000736  827919  961353]
1112,[ 995628 1082185 1005274 1043494  865456]
1113,[12731701  1126899   916122   845208   829323]
1114,[1070820 1029743 1044078 1043663 1106523]
1116,[1029743 8090521 1012587  824193 8090509]
1117,[1099089 1001702  890695 1121393  868909]
1119,[ 940947 1080989 1082212  824180 1102067]
1121,[ 872137  966684 1092937 5568729 8090536]
1123,[1126899  913026 1098844 1041796 5585510]
1125,[1055504 1106523  997796  976199  854852]
1126,[ 826666 1082185 1126899 1046816  917033]
1127,[1106523 1004906  844179  880150 1029743]
1128,[ 921406 1015785 5592931 1044188  999198]
1129,[ 858439 1126899  909714  899624 1136524]
1130,[  978077 12731544  1137775  1093413  1051516]
1131,[12812474   864893  1029743  1075368   940766]
1133,[1098844 1112205 1029743 1106523 1059473]
1134,[1070820  948670  957232 1051323 1112825]
1135,[ 1106523 12132277  1103691  1136719  1126899]
1136,[9835223 5569230 1106523  999779  931324]
1137,[  914318   885290 12301405  1124432 13506200]
1138,[1015539 1106523  957951 5568721 1029743]
1140,[1029743  827667  916122 1081177  983584]
1141,[ 910673  983584 5568378 1126899  872137]
1142,[ 878715 1108094 6602697 1067695  965766]
1143,[1092885  916122  909714  910032  965766]
1145,[  986912 12648296   957411  1094308  1037417]
1146,[ 889509  858649 1037863  933067 1127758]
1147,[1076226  844697  870547 1124695 1134810]
1148,[1044078  883003  902094 1040807 1068292]
1149,[1026118  909714  999250  899624 8090440]
1151,[1136524 1122358 6602697  916122  925862]
1152,[1110111 5569471 5574377 5569230 8090537]
1154,[1106523  983584  971983 7152455 1089025]
1155,[  957063  1044078   823721 12301100  1029743]
1156,[1065167  971922 6463775  995816 1132771]
1157,[ 939681 1070820  901062  857503  911454]
1158,[1098844 1044078 1101010 1019637 8090521]
1159,[6391080 8090532 1050741 1082185 1068719]
1160,[ 5592931   969866 12301100 12302069   871756]
1163,[6039859 1067749  947201 1132198 1116741]
1164,[ 1070820   901062 10149640  1126899   857503]
1165,[1068504 1029252 5569471 9884698  944139]
1166,[5566800  906844  839419 1075214 1080472]
1167,[1070820 1082185 1062002 1055425 8019977]
1168,[1019637  983584 1031087  965842 1029743]
1169,[12731701  1134678  1038663   902377  1022254]
1172,[ 970866 1029688  963686  911017 1122358]
1173,[1044078 1122358 1029743 1106523 1004906]
1174,[1068719  976199  937928 1029743  990797]
1175,[8066803 1098844 1028891 1056005 9858847]
1177,[1044078 1106523 1029743 1004906  897954]
1178,[6464165 5588161  863447 1104343 9526572]
1179,[1132771 1076769 1101010 5566309 1116050]
1180,[  865456  1122358   965766 12132277   838186]
1181,[1075368 1116635  969568  925862 5568729]
1182,[1044078  899624 1106523 1068719  880150]
1185,[1106523 1059902  863447  930666  844179]
1186,[14106445  1098844 12946027   903800  1026235]
1187,[1054262 1068719 1106523  990797 1022254]
1188,[ 960613 1029743 1106523 7409874 1044078]
1189,[ 904997 1106523 1029743 1082185 1126899]
1190,[ 6443332  1075214  1116635  1029743 12810393]
1191,[1135834  916122  965766 5569230  890695]
1192,[1106523 1126899  976199  909714 1122358]
1193,[1013928  899624 1086119 1116635  835578]
1194,[1044078 1000753 1038745  993638 1022254]
1195,[1075368  854852  872137 1029743  976199]
1196,[1047076 1070820  885023 1096458  901062]
1197,[9859111  856252  919534 1118757 1132771]
1198,[ 915064  872137 1105488 5569471 5569230]
1201,[ 1013167  1056509 12384775  1126899  1068719]
1202,[ 944534 1016709  999270  923723 1044078]
1203,[ 982469 1046201 5583751  904435 9296919]
1204,[ 933835  926905 1106523  917033 1037840]
1205,[5592931  870547 1103808 7147145 1075979]
1206,[ 836445 1043751  951164 1120928 1055472]
1207,[1029743 1106523 5981074 1075368  872137]
1208,[ 1106523  1098284   999858 12810393  1029743]
1209,[1029743  986912 1106523  933835 1040807]
1211,[8065410 1000753 1070820  999858  872137]
1213,[ 940947 1126899 1029743 1106523 1070820]
1215,[1126899 1029743 1070820  835098 1068719]
1216,[  946995   971922  1102949 12731714  1064213]
1217,[ 1029743  1050851  1004906  5568729 12384775]
1218,[1070820  918588  824180  999104  862799]
1219,[ 844179  880150  899624  866211 1081177]
1221,[1029743 1004906 1106523 1126899 1127831]
1222,[ 837569 5570383  933835  849505  901460]
1223,[ 930283  899624  862799  884945 1051323]
1224,[ 969866 1068719 9835903  896862  832678]
1225,[1004906  899624  999779 6034857 1126899]
1226,[1070820  856252  890695 1039224  940947]
1227,[1070702 5568378 6034857 8090532  983584]
1228,[ 5569471  1110111 12731685  1021519  1115800]
1229,[14106445   979707 13071902   956599   892573]
1231,[1082185  890909 1029743  955431 8090541]
1234,[ 933354  885406 8090556  854496  923670]
1236,[ 965766 8090521 1037840  940766 1082185]
1238,[ 890610  834826  829323 1040807  995965]
1239,[ 852572  948832 1061688 1106523 1087102]
1240,[ 1070820   913210  6034857  1044259 10457044]
1244,[ 899624  983584  872137 1004906 5585701]
1245,[ 992529  936117  832678  969866 1037863]
1246,[1126899 1108094  964521  966684  957736]
1247,[1126899  921504  869857 1082454 1040807]
1248,[  914753   888054   925862  7167687 13158064]
1250,[910032 909714 901062 835098 857503]
1251,[1106523  866211 1029743  999104 1044078]
1252,[ 872137 1070820 1029743 1106523 1126899]
1255,[ 976199 1044078 1086740 1122358  844179]
1256,[1002178  976214 1137688  962266  979707]
1258,[ 983000  849202 5569471  883932 1051211]
1259,[ 960732  916993  844179 6533608  910032]
1260,[ 909714 1026118 1102949  949257 1051516]
1261,[ 986912  866211 1106523 1055504 1056212]
1263,[12262778   968072   825994  8291322   835578]
1264,[1134483 5583751  916990 1083787  952972]
1265,[ 865992 1054402 1042544 1101010 5568378]
1266,[ 8203851 12810391   863447   899624   854852]
1267,[ 1098844   916122 12171656  6034857   887102]
1268,[ 1070820   957951  5567702 13008334   904435]
1269,[9673980  827919  899624 1082185  908318]
1270,[1106523  910032 1082185  985699  831628]
1271,[ 978343 1070702  835098  899459  864279]
1272,[6602697  870614 1070845  948670  915493]
1273,[ 844179  866211 1106523  854852 1029743]
1274,[1070820 8090521 8090537 5568378 8090536]
1277,[ 1006483  1015785  1090884  1137346 12262992]
1279,[ 965766  969866 1038745  904997  999714]
1281,[1044078  916122  999270  901976 1106523]
1282,[ 1038663  9835223   845163  1086483 12731544]
1284,[1044078  999779  864893 1038745 6463729]
1285,[5569230  946995 1128240 1035676  947201]
1287,[1045586  854852  965766  943169 1104414]
1288,[1090587 6039859 1081177  897954  957736]
1289,[5569230 1029743 1055155 1064213  950206]
1290,[ 916122 1081177  899624 1044078  844179]
1291,[ 874972 6464208 1044078  854852 1101010]
1292,[1037840  832442  844179 6513604 1029743]
1293,[ 1044078  1004906  5592931 12731544  1029743]
1294,[ 1126899 13071902   878715  7167687   935393]
1295,[1029743 1106523 8090545 1070702 1070820]
1296,[  901062 12810393   935578   908318   880150]
1297,[1082185 1136732  867138 1026118  882247]
1298,[ 1004906   931255 12695224   856827  6034857]
1299,[ 913210  979707 8090521  896085  890955]
1300,[  853448  1106523  1128240  1126899 12811532]
1302,[1044078  916122  925178  854852 1029743]
1303,[8090539  976199 1067749 8090521 1040346]
1304,[1029743  871611 1106523 1135258 1044078]
1305,[  983584  1103808 13512017  1013928  1021116]
1306,[12301839  9884698   985999  1053282  7166861]
1307,[1106523  983584 1029743  951412 1070820]
1312,[1122358 1098248  926905  983584 1074333]
1313,[1029743 8090521 1070820 1106523 5569230]
1314,[1102416  963971 1050741  849202  920109]
1316,[  919534 13876901   870547  1005274   982790]
1317,[1138292 1138487 1104205 5568489 7442008]
1318,[963835 925862 947427 995876 854852]
1319,[ 880150 5569845  844179 1106523  896613]
1320,[12731432  5568378  6034857   901062   893018]
1321,[ 1106523  1044078 12810393   992529  1127831]
1324,[ 896085  838186 1056509  983584 1040807]
1325,[14106445   957013  1098844  6602327  1044759]
1326,[ 983584  839419 5585510 5590613  986021]
1328,[ 1029743 13841744  1106523   866211   854852]
1329,[ 986912 9526628 1098248  866211  841220]
1330,[1106523  856252 1042907 1029743  846417]
1331,[1029743 1041796 1031316 1075368 1102416]
1332,[13071902   986912   916122  1112205   996028]
1333,[ 1126899 13841744   888586  1115175  5995603]
1334,[1106523 1029743  858514 1122358  976199]
1335,[ 835973 1010681  878996 1138467  854852]
1336,[ 883003 1138443  971922  835098  857503]
1337,[ 983584 1083446  892500  923670  833940]
1338,[ 1044078 13210025  1106523   899624  1014948]
1340,[ 1044078   899624   866211   916122 12810393]
1341,[1044078  899624  866211  854852  909714]
1345,[5569230 1029743 5569845 1042438  838186]
1346,[1081177  909714  899624  901062  951412]
1347,[ 957232  849202 1029743  882247  998206]
1350,[1029743  965766 1106523  836445  872137]
1351,[1126899  866211  893018 1106523 1029743]
1352,[14106445  1116050   915493  6602697 10149640]
1353,[ 1137346 12262992  1137775   850102   999090]
1354,[ 9527159   862799 12648296  1100972  5569471]
1356,[5569230 1070820 1102829 1106523 1105917]
1357,[ 866548 1070820 1106523 1126899  983584]
1358,[ 844179 1070820 5568729 1041796 1126899]
1362,[7168026 1121393 1105488  921406 1136719]
1364,[ 999250 1029743 1125278  986912 1137775]
1366,[ 5566800  1101010 14106445  1087102   854405]
1367,[1048257 1116635  970866 1075214  938596]
1368,[12263692   913210  1126786  5569471   916122]
1369,[ 819845 1126899  895295  985889  824180]
1370,[8090521  965766 8090539  899624  844179]
1372,[ 972191 5569230 1137775 1106523  990797]
1373,[6034857 1004906  899624 1024306 1060705]
1374,[1037840  944534  895166  871611 1135258]
1375,[1082185  872137  854405  857503  985999]
1376,[1034176 1034886 8090537  990797  949965]
1378,[9653535  981165 1041688 5585510  912451]
1379,[ 862799 1055504 1013928  910032  999270]
1382,[ 940947  909714  838186  951412 5569230]
1383,[1060292  909714 1034176 1081177  854852]
1384,[ 880150  844179  985999 1106523  887325]
1385,[ 990453  890909 1042544 1022254 5568197]
1387,[1068504  960791  944534  844179  854133]
1388,[1027168  963835 1042544  919534 1022066]
1389,[  885290  1053628  1121694 10150194  5568447]
1390,[  895680   995628   851819 13877192   907631]
1391,[  965772   908408 10344585  6534030  1123106]
1392,[1068719 1106523 1022254  899624  986912]
1393,[ 1010259  8181451   901062 12810393 13876901]
1394,[1125601  940947  990688 1021715 1022097]
1395,[6533608  880427 1126899 8090537 1029743]
1397,[1106523 1068719 1085983  995876  832678]
1398,[ 844179 1055155  931255  916993  916122]
1399,[9673830 1093571 6034857 1004906 1126899]
1401,[1044078  844179 1029743 1043663  976199]
1402,[1106523 1029743  937292  983584 1070820]
1404,[ 912817 1029743  854852 1106523 9527323]
1405,[ 844179 1056509  976199  854405  835098]
1406,[1082185  826666  948298  996087  943362]
1407,[1112825  885697 1029743  866211 1043730]
1408,[9487606 1029743 9858847 9859060 1087605]
1409,[5569230 1116050  863447  893018  851528]
1410,[ 937526 9835223 6548453 1051323 1058214]
1412,[ 885290 1032512  862799 1122568  965766]
1413,[ 1044078 12301100   965766   857503   844179]
1414,[1126899 1070820 1106523 1029743 1044078]
1415,[ 1050851  1106523 12301109 12301100  1029743]
1417,[10198378   913210   899624   896613   865456]
1418,[1029743  956672 1008547 1106523 1098844]
1419,[1021519 1019637 1130375 9419525  895680]
1420,[ 999779 6463907  918676  899624 1029743]
1421,[1079228 8090521  942045 1043751 6534480]
1423,[13008334  5981267  1082185  5572738  1056509]
1424,[1056005 1082212 1024306 1029743 1062002]
1425,[8090537 8090521 1101010 8090509  940947]
1426,[1029743 8090521  919534 8090537  951197]
1427,[ 960791  986912  996009 1050534 1135552]
1428,[ 1053282 10149640   839419   913210  1135552]
1429,[1126899  893018 1106523 1029743 1070820]
1430,[1126899 1040807  883202  906844 1138443]
1431,[1021324  934399  832678  998119 1068719]
1433,[1081177 1029743  976199 1044078  844179]
1434,[ 839419 1042616  908283 1075368 1132771]
1437,[1021324 5569303  969836 7464370  893018]
1440,[1106523  916122  844179 1070702  983584]
1443,[ 906844 1044759  942077 1054402 1004906]
1445,[ 921438  951412 6034857 1017369 5568729]
1446,[1004906 1006184  937292 1074333  896862]
1447,[ 845774  976199 1106523  940947  866211]
1450,[  901062   845208  5585510  6034857 12731432]
1451,[1070820 1083446 1082185  936117 1012922]
1452,[1013928 1029743 1106523 1008032 1004390]
1453,[6034857 1062128 1092588  986912 9242918]
1454,[1082185 1029743  879734  979707 1108094]
1457,[1044078  823990  863447 1092885 1106523]
1458,[1105488  933067 1105917 8019748  962266]
1459,[ 974265  918046  948832  872137 5583751]
1460,[1127831 1126899  892314  866211 1070820]
1461,[1000753 1070702  921504 1135834  938138]
1462,[1127328  890695  887503 1062002  885290]
1463,[  986912  8090560   835300 12302069   834932]
1465,[824180 976199 872137 986912 957736]
1467,[5569327 1029743 9836106  986912 1042438]
1470,[1029743 1070820 1063739  998119 1106523]
1471,[1126899 1029743 1106523 1070820  965766]
1473,[ 938118 8067128 1126899  914577 8091550]
1474,[1106523 1027068 1037840  883932 5570408]
1475,[ 963971 1070820  951197  972931  961980]
1476,[ 907099 9677366 1057749 1115576 1046816]
1477,[ 961979 1029743 1106523 1125278  986912]
1479,[  977374  7154535 13115914  1110244   885697]
1481,[1061982  965766 7409874  834158  971922]
1483,[5569230  850102  861279  864335  907631]
1484,[972445 995628 944836 919534 925862]
1485,[1106523  953561 1029743  866755 1040807]
1486,[ 878715  893018 1126899 5568378 1070820]
1487,[ 940947 5569230 1029743 1051283  951197]
1488,[1017201 1131506 5569327  844697 1075175]
1489,[ 893018  849202  910473 1121384  965530]
1490,[6463907  829323  972143  878222 8290421]
1491,[  901062   981677 10150194  1043751   945662]
1492,[1029743 1106523  866211  999779  899624]
1493,[1027168  951197 5566309 1029743  830503]
1494,[1068719  836445 1044078  822524 1004390]
1495,[1123842  969866 1068719 1038745  986912]
1498,[1004390  862725 1092303  833724 1019643]
1499,[14106445  1106523  5569230   945662  1029743]
1500,[1122358 1105301 7442008 1022254 1105488]
1501,[1070820 1006342 1098844 1121393  885406]
1502,[ 883003 1040807  823721  916122 1126899]
1503,[1116050 9653714  899624  866211  986912]
1505,[ 997025  918046 1040807  971922 1043751]
1506,[  844179  1044078 12301100  1004906   869047]
1507,[13841744  1043751   936355   866211   899624]
1508,[ 951412  871722 1126899  872137 1106523]
1509,[1029743 1135552  844697  903800 1042438]
1510,[ 986912 1077745  865026 5569471  848319]
1511,[1106523  860167  907631  983584  978077]
1512,[ 986912  990797 1137346 5569230 5568378]
1513,[  916122  9245106  1044078 12695224   880150]
1514,[1126899 1027168 1006184 1121393 1120928]
1515,[ 933835 1101010  971922 1132771 9677236]
1517,[1053282  910032 1070820 9419487  960613]
1518,[ 940947 1029743  866211  883932  983584]
1519,[ 936914 5569230 1070820 8090521  916122]
1520,[1029743 1103691  899624 1042907 5577022]
1525,[ 1029743  1068719 12301839   845208   871756]
1526,[ 887474  890610  865026 1109778 8090537]
1527,[ 872137 1082185 5569471  862318  949294]
1528,[1075368  983584 9837076  879393  894439]
1529,[13213240  9546982   936117  1113274   825749]
1530,[ 938300  936830 1029743 6548453 1106523]
1531,[ 854852  899624 1029743  916122 5568729]
1532,[ 911609  959272 5569230 1075368  965766]
1533,[ 971474 1113381 1126899 1029743 1106523]
1534,[7410304 1070820  971983 6039859  851146]
1535,[5568378 5592931  990453 1002787 5569327]
1536,[ 821200 1075368  899201  901776  944137]
1537,[ 906830 1106523 1029743 1126899 1042544]
1539,[1029743  883003  916122 1044078  907631]
1540,[1068504 8015407  838186 7442008 1083787]
1541,[  936741 12731436   940947   970866   849578]
1542,[ 957232 1004906  935993  981660  908318]
1543,[ 819255 1043494  896862 8090560 5569230]
1544,[5564303  909714 1126899 1057102  995965]
1545,[1106523 9836195 1022254 9835947 1090931]
1546,[ 1013928   965766  1038663 13841744  1137775]
1547,[ 866211  963835  976199  829722 1076056]
1548,[ 879734 1134483  838186  907631  875392]
1549,[ 986912  819845 1051516 8203851 9575582]
1550,[1106523 6602697 1029743 1126899 1070820]
1552,[1029743 1106523  944836 1126899  880150]
1555,[5568729  948670  862799 1029743 1041796]
1556,[ 948670 1082185  854042 1040346 1051211]
1557,[1106523  867272 1117514  845208  888586]
1558,[ 919766 1025641  968072 1030093 1002771]
1559,[1075368  854852  866211 1029743 1126899]
1560,[  823704  1029743  1021519 12301109  1121384]
1563,[ 957951  970866 8091550 1137694 1106271]
1564,[ 854852 1106523 1127831  872137  899624]
1565,[1044078  866211  899624  933835  907631]
1566,[ 1118623   976199   851528 12810389  1123146]
1567,[1082185  934639  993638 1084036 1051516]
1568,[ 882489 1050851 1024319  899624 6424472]
1570,[ 979707  834303 1046957 5569309 1041796]
1572,[  915459 12301073  9835509  1005274  7139529]
1574,[10198378  1108168   947798   825343   979707]
1575,[  901062  1060705 10457590  1110409  1022254]
1576,[1037863 1029743 1070820 1106523 8090537]
1577,[969725 843898 904812 997796 835619]
1578,[ 844697 1029743 1075368  916122 1044078]
1579,[ 8090532   983584 13115914   948670 12946027]
1580,[1029743 1024051  939636  849100 1079987]
1581,[ 916122  857503  901062 1081177 1029743]
1584,[1134483  829950  974204 1011459 1070272]
1585,[14106445  1126899  1110409  5569471 10344585]
1586,[ 916122 1037840 1112238 1075368  844179]
1587,[1029743 1106523 1126899  897954  865456]
1588,[6602697 9547021  901062  979707 1062117]
1590,[1070820  910207 1028891  965766  907099]
1591,[1050851 1070820  916993  896085  890695]
1592,[9884698  830503  884945 1024032  908283]
1593,[ 869728  979707  937292 1005274  992529]
1594,[1106523 5590695  901976 5591103 5590613]
1595,[ 971922 1137775 1131438 5582712  883202]
1596,[1004436 1058404 1042571  901776 1046816]
1598,[1101010 1132771  986912 1056509  923723]
1599,[1013928  863447  999779 1068719  944137]
1602,[ 1070820 14106445 10150194   944836  1044259]
1604,[ 832678 1051211 1105301 1068719 5569230]
1605,[ 976199 1029743 1044078  986912 1106523]
1607,[1067606 1004906 6034857  866211  857503]
1609,[1070820  872137 1042438  832678  894401]
1611,[1037840  976199 5568378 1122358 1075368]
1612,[1126899  901062 6534035  953561 5568729]
1613,[ 823576  870614  890909  951197 1001827]
1614,[1132771 1029743 1082185  971922 1044078]
1618,[1138443  972665  944836  971922 1006184]
1619,[1117514 5563693 1037337  992529  970160]
1620,[ 953539 5592931 1137284 5981074  898342]
1621,[7147145  972931 1137346  946839 7166861]
1622,[1029743 8205418  890610 1062002  872177]
1623,[ 1101858   883932 13841744  1100972   936914]
1624,[5569230  986912 1082185  993638  823990]
1625,[ 1106523   965766 12810393   907631   933835]
1627,[ 1029743 10457590  1068719  1117514   880427]
1629,[1050851  899624  985999 1029743  907631]
1630,[ 865026  862799 5585510 1135834 1107760]
1631,[ 983584  947798  970747 5569327 1048237]
1632,[ 880427 1061982  844991 1029743  857503]
1633,[ 1101010  1090676 13008334  1040807  1135834]
1634,[1070820  850102 1044078 5569327  944139]
1635,[1106523  933835  844179 1075368  986912]
1637,[1053282  948298  986912  827999  971922]
1638,[ 846823 1121384 1044078  854754  878996]
1639,[1044078 1030093 5569327  917816  916122]
1640,[1106523 8090521 1122358  990797  948670]
1642,[ 916122  845208 1106523 1105488 1008547]
1643,[1029743  983584 1106523  853998 1121393]
1644,[ 944534  844179 1044078 1029743 1106523]
1647,[ 897954  883003 1044078  916122 1132771]
1648,[9419528 1106523  985699  918676  999779]
1649,[ 965766  869728  866211 1106523  916122]
1650,[13039088   940947   944137  6034857   866211]
1651,[6034857  901062 1104343 1004906 1051468]
1653,[ 993638  865456  902377  971922 1117514]
1654,[ 854852 1068719 1126899  899624  976199]
1656,[  986912  6533362  9935616 12988031  1040807]
1657,[1106523 1029743  835098  965766  879506]
1658,[ 963727 1004906 1106523  833940 8090537]
1659,[ 839485 1029743 6034857  854852  848029]
1660,[1009770  827919 1060872 5574409 5567502]
1661,[ 872137 1055504  951412  854852  899624]
1662,[ 880427 1098844 1126899  999104  916575]
1663,[9553042 1029743 1053530 1106523 1068719]
1664,[ 899624 1044078 1000753 1041796  935993]
1665,[1037631 1029743 5568721 1106523 1083787]
1666,[1122358  976199 1029743 1131488 1106523]
1667,[ 986912  933835 1123022 1006184 1101010]
1668,[1068719 1106523  872137 1029743  910032]
1671,[1126899 1106523 1029743 1070820 5577022]
1672,[5592931 1029743 1044078  852856  957232]
1673,[ 948650  883932  999779 1082212  916993]
1676,[ 888586 6034648 1011926 1006878 1026258]
1677,[ 885290 1082212  965766  888054  901460]
1678,[1127328  997796  999858  832678 1056509]
1679,[ 940947 6034857  916122 1004906 1029743]
1680,[ 1126899  1106523 10344585   893018  1104343]
1681,[1054567 9487885  901776 7025094 9419443]
1683,[ 837304 5574377  872137 5570383  976199]
1684,[1106523 1029743 1126899 5568378  951197]
1685,[1005274  976199 1122358  834117  848319]
1686,[ 953539  986912 1043751 1106523 1040807]
1687,[1126899  858439  823099  832678  835098]
1689,[ 858514 1000753 1133254  978077 1130458]
1690,[ 999779 1103691  863447  832678 1106523]
1691,[ 1067695 10198378  1106523   849202  6034857]
1692,[ 844179 1029743 1044188 1001702 1106271]
1693,[1126899 1097280 5590613 1070845 1130029]
1694,[ 947798 1108168  985893  856252 1075368]
1695,[1082185 1106523  866211 1048237 1101980]
1697,[1044078 1029743 1106523  844179  946839]
1698,[1044078  866211  930118  907631 1106523]
1699,[ 993638 1029743 1040807 6034857 1106523]
1700,[  930385   844179 12301100   972143   941856]
1702,[1112238  917384  899624  883003 1101010]
1703,[5566800 5591103 5592931 5590613 5572738]
1704,[ 916122 1126899  904359 1029743  844179]
1705,[12301100 12811532  8090537  1044078   844179]
1706,[1029743 1106523 1044078  860248 1126899]
1707,[1050851  832678  946839  940947 1106523]
1708,[  919534 12648296 10456568  1136524  6534480]
1710,[ 1082185 13213240  8090440   827999   819978]
1712,[ 1106523  1126899 12810393   982469  1105488]
1713,[13841744   851188  1082627   923149  8090440]
1715,[ 859427 1126899  951412 1055504  901062]
1716,[12302069   887102  1029743  1062128   854852]
1717,[1029743  858439  882489  828106 1106523]
1718,[986912 899624 914318 866211 959316]
1719,[ 845622 1103105  950206 8014645 1112238]
1720,[1108094 1018740  878715  909714  834117]
1721,[ 999270  823704  899624 5582712  839419]
1722,[ 1126899  1093571   829852 13115914   978077]
1723,[ 870559 1098844 1018740 1101010 1040807]
1724,[1126899 1070820 1106523 1029743 5568378]
1726,[ 6553237   849100  6391381 10150194   991223]
1728,[ 865156 9296919 8020234 1029743 1126899]
1729,[1104343  976199 1106523 6463742 1105488]
1730,[1070820 1029743 6034857 1108168 1044078]
1731,[6034857 1109778 1044078 1089025  908408]
1732,[ 1027849   940278  1110695   907631 13877192]
1733,[986912 894439 850102 874972 885290]
1735,[ 972931 1068719  921438  963971 1108994]
1737,[ 901062  916122 1044078 1029743  883003]
1738,[ 1118033  1040807   957063 12695224   998119]
1739,[1106523 5568378 1070820  940766  957063]
1740,[ 1075368   854754  1074333 12946027  1112238]
1742,[ 864335 1114653  846823 1072523 1019637]
1743,[5569230  976199 1029743 1106523  981086]
1744,[1106523  916758 1082212  901062 1029743]
1745,[1106271  988697 1059902  940947 7166861]
1746,[1051323  999779 1106523 1072693 1004906]
1747,[1106523 6424471  957063 1027168 1122358]
1748,[1106523  936117 1028995 5590613 5995129]
1749,[1042571  878715 1135834 1029743 6034857]
1751,[ 882308 1070820 1051323  906830  933067]
1752,[907631 865456 999270 910673 841220]
1753,[ 986912 8090537  883186 5568732 1067695]
1754,[  967948 12301338   849202  1029743   939636]
1755,[ 916122 1016709  872137  866211  986912]
1758,[1126899 1055504 1115553  899624 1132771]
1759,[ 940947 9297474 1111986 5590613 5592610]
1760,[ 983584 1004906 1029743  906838 1106523]
1761,[7025204  854852  932340  899624 1042544]
1762,[ 983584 1082185  850102 1016800  976199]
1763,[1106523 1037840  948650  979707 6548453]
1764,[1126899 1075368  885697 1110244 5565925]
1765,[1016709 1043494  896613  949965  940996]
1766,[1068719 1040807 1044078  844179  866211]
1767,[13008334  8177622  8090519  1042544  5569327]
1768,[ 6391134   999858 12946027   899624   880150]
1769,[ 920191 6602697 1109778 1124971 5563693]
1770,[ 960791  979707 1043971  869728  936741]
1773,[ 916122 1106523 1056509 5569230 5569471]
1774,[8090521 1104343  988791  990797  951197]
1775,[1082185 1126899 1037332 1122568 9926758]
1776,[ 972931 5592931  870547  979707  983584]
1777,[1126899  933835 1029743 1070820  986912]
1778,[ 870547 9245106 1128240  949965  825343]
1779,[13002975 10149640  1042544   963365   845208]
1781,[5568729 5578547  979707 5568732  999198]
1782,[1072523 1079987 5569230 1106523  933835]
1783,[12384779  1124971   879876  1132771  9835509]
1784,[ 979707 1098248  889551  905636 1102879]
1785,[1126899  933835  986912 1131321 1106523]
1786,[1029743  866211 1106523  995876 1044078]
1788,[ 909714 1081177  951412 1092303  823775]
1789,[1106523 1029743 5569230  909714  844179]
1790,[ 834117 1082185 1004906  945662 1106523]
1791,[13072850   916122 14106445  8090440   957013]
1792,[ 839656 1075368 1106523 1118946  880888]
1794,[9296919 1102416  842140 5591103 8090513]
1795,[ 999563 1070820  890610  914318 1008032]
1796,[  965766  1029743  1037840   871188 12988031]
1797,[1112825  862799  967144 1084036  839243]
1799,[1026118 1004906  896613  883003 1081177]
1800,[5569471 1027168  976199 1126899 6034857]
1801,[1116635  854900 6039687 1106523 1134810]
1802,[ 885290 1017201 1117358  903800 1013597]
1803,[ 939860 6979579 1138292  862799 1022254]
1804,[  852856   948670  1127831 13213240   862799]
1805,[6551861  976199 1029743  906838 1106523]
1806,[1126899  893018 5569327  907631  986912]
1807,[1098844 8090560 1098248  917407 8090536]
1808,[  945909 12171656   892573   976199   899624]
1809,[8090536 8090537 8090521 1029743 8293343]
1810,[1098284 1029743 1037840 1018818 1106523]
1811,[ 901976 1106523 1135258 1029743  896613]
1812,[  852014 12731544   851129  1025611  1044759]
1814,[1126899  976199 1112825 1070820 9677236]
1815,[ 938118  839243 1009368 1047076 1026118]
1816,[1029743  854852  863447 1106523 8090532]
1817,[ 949784 1004390 1116635  916122  908318]
1818,[1029743  999779 1041796  931324  946839]
1819,[  936914  8090537 12946027   965766  8090521]
1820,[ 854261 8090546 1037332  990797  908283]
1821,[8090521  983584  933835 1043920  943169]
1823,[ 1070820  6602697   972931   883003 13213240]
1824,[1106523 6034857  983584  854852 1043787]
1826,[1029743 1044078 1072523 9884698 1106523]
1827,[1029743 1106523 1070820 1016276 1126899]
1829,[ 914753 8090537 8203851 8090519 1053282]
1831,[1082185 1098248  835098 1101706 1051323]
1832,[ 848029  825343 1101010 1070702 1004906]
1833,[1000753  838186  947201  830503  990797]
1834,[  865456   865528   957951 12302069   969568]
1835,[ 945662 1026258  823641 1121393  954673]
1837,[957736 979707 834117 854852 870428]
1839,[1106523  889551  913210 1029743  865456]
1841,[1010578 1062572 1131625  999858 1026058]
1843,[5569845 5568378 1070820  909714 1042438]
1845,[1126899 1098844 1110244  976199  947427]
1846,[ 839208 1068719  835619 7144131  983584]
1847,[12731432  5569230  1070820   830503   908283]
1848,[ 986912 1077133 1135834  894439  892573]
1849,[1029743 1070820  940947 1089954 1106523]
1850,[1023196 6034648 5578547  891961  868888]
1852,[960613 854754 901062 995478 972143]
1854,[10457590   957736  1046756  1062002  1055504]
1856,[ 948670  870826  986912 1011920  978077]
1857,[1126899 1059902 1106523  983584  823721]
1858,[  916122 12782182  1065061  1057102  1004906]
1859,[1127831 1082990 1075368  899624 5585510]
1861,[1029743 1068719 1106523 1044078  832678]
1862,[1110409 1029743  965842  885023 5567486]
1864,[1098844 1024306  854754 1098248  909714]
1865,[1098435 1130729 1092303 1061982 1136719]
1866,[1044078 1106523 1053282  986912  941361]
1867,[ 916122  897954  844179 1044078  985999]
1869,[1050851  940947 1054483 1097418  999270]
1870,[1070820 1029743 1106523 1126899  919534]
1871,[1055425  854852  899624  866211 1029743]
1872,[ 846417 1106523 5569230  901062 5568729]
1873,[1106523 1131438  928640 1101010 1054539]
1874,[1121393 1132771 1067606  971922 1137775]
1875,[  969866  1037863   986912 12301109   844179]
1877,[1029743 8090440  844179 1044078 1122358]
1879,[ 933835 1132771  922561 1101010  948670]
1880,[ 930385  844179 1029743 1068292 1106523]
1881,[1110695  913210  959316 1057011  901062]
1883,[ 896862 8090521  861279  834117  957063]
1884,[ 866211  899624  854852 1044078 5569230]
1885,[ 909714  835098 1044078 1101010  910032]
1887,[1126899 1029743  957232  893018 1106523]
1890,[ 916122 1061982 1126899 1003616 1070820]
1891,[1082185  983584 5568378 1075368 5592094]
1892,[ 863762  904435  896862  983000 1138443]
1893,[ 899624  866211 1044078  986912  916122]
1894,[ 1029743 12648296   957063  1042438   890695]
1895,[1129049 1044078  916122 9835606  897954]
1896,[1082185  998556 1075368  897946  822739]
1899,[1040807  883932  957063 1122358  833598]
1900,[1132771 1087102  940947 1116376  872137]
1901,[1013928 1127758 5566309 1017369 6391134]
1902,[ 985866 1097661  883616 7442056 1106523]
1904,[1004906  986912  907631  879876  844179]
1905,[1029743  903800  837270 1098844 1106523]
1906,[12262830   871633   968072  1070702  1114653]
1907,[1125601  872137  976199 1091520 1092303]
1909,[1044078  844179 1050851  907631 6463775]
1911,[1044078  844179  880150  916122 9836106]
1912,[ 1029743  9483753  1013407 12302069 12384775]
1914,[1077133 1043787  892573  894439  862010]
1916,[  885290  1068719 10180324  1051211  8273833]
1917,[ 975085 1053628  829722 1037337  896085]
1918,[1082185  995965 6463710 1116020 6463717]
1919,[1106523 1035676 1126899 5590613 1029743]
1920,[1019643  833724 1137688  829323 1127831]
1921,[1029743 1129049 1070702 1106523  916122]
1922,[10457044   897083  1132771  1138443  9553048]
1923,[ 825343  948953 1098844  835098  901062]
1924,[ 983584 1110244 1122568 1125199 1017201]
1925,[ 989830  901062 1009187  837270  909714]
1926,[ 1037631  1068719 12262830  1044078   844179]
1927,[  863447  1025611   823990  1080677 13841744]
1928,[ 908504  983584 1070820  958647 1055472]
1929,[ 913210  834117 1074754  946839  910473]
1930,[ 1051323  1130858  8291322  1075368 12171656]
1931,[ 896862  823704  843464 8065410  999270]
1933,[1106523 1075175 1126899 1029743  893018]
1935,[ 857503  999104 1126899 1127831 1048257]
1936,[1056492 1138443  860501  971922  885697]
1937,[ 1070820   986912   999104   833724 13008334]
1938,[8293439 1029743 1106523 1029685 1046816]
1939,[1068719  853448  896085  879876  844179]
1940,[ 969866 1026118 1081177  824305 1029743]
1941,[1044078  947798 5592931 1004906  916122]
1942,[1004906 5585510 5569230 1106523 1029743]
1943,[7152455  882308 1095227  930385 1024051]
1944,[ 1070820  1006342   847207   880427 10344585]
1945,[1011920  915064 1123254 1126294  910032]
1946,[ 1082185  1070820 12946027 10344585  1130029]
1947,[1126899 5568378  845307 1040807 7462562]
1948,[6602590 1137688  916993  891516  848319]
1949,[1044078  874972 1127831  947326 5585510]
1950,[1131321  921504 1081177 1079987  883003]
1951,[1127831 1029743 1004906 8090537 6034857]
1952,[ 995502 1029743  944534 1126899 1070820]
1953,[1050851  993638  827919 1106523 1029743]
1954,[ 883186 1084036 1038745  934639 1026118]
1955,[1082185 1050851  955867  902396 1063739]
1956,[1126899  933835  970866 1029743 1070820]
1957,[1029743 1040807 9245108 5568995 8177622]
1958,[1106523 1004906 1070820  902396 1029743]
1960,[ 825343  880150  831628  839656 1017369]
1961,[1106523  982790 5587656 1029743 1074754]
1962,[1112825 9832469 1065061 1094924  913210]
1963,[1099089  999779  886996 5569471  982955]
1964,[ 887503  870428 1002771  832678  948670]
1965,[1106523 9884484 9881592 9881593  893018]
1966,[ 944836 1019643  956599 6602327  820486]
1967,[1029743 1106523 1126899 1070820  990797]
1968,[1090676 1106523 1068719 1029743  913210]
1969,[1106523 1029743 1044078 1081177  916122]
1970,[1126899 1043663 9527159 1070820  823990]
1971,[1014509 1097001 1082212 8019977 1131438]
1972,[ 929018 1080989  957232 1096635 1029743]
1975,[ 879699  883003 5574377 5569376 1138443]
1976,[1082990 1106523 1029743  852856 1075368]
1979,[1029743 1106523 1004906  899624 6034857]
1980,[ 834826  898121 1042571  935993 5568447]
1981,[1126899 1087605 1063577 1122358 1106523]
1982,[1082185 1130729 1080472  912451 6979803]
1983,[ 908318 7166865  857503  995965 8065410]
1985,[ 1069312 13841744   944938   823576   887503]
1986,[1044078 1106523  844179  899624  951412]
1987,[ 866211  986912  852856 1029743  899624]
1988,[5592931 1080472  974265 9546982  850102]
1989,[ 990453 1040346  879734  833724 7441419]
1990,[1029743 1067749 1126899 1037332  856942]
1993,[ 862010 1043787  892573 1087102 1029743]
1994,[1070272  844179 1051211  965766  944139]
1995,[1090676 5566309 5568732  901062 9677236]
1996,[ 854852 6034577 1068719  916758  899624]
1997,[ 1126899   834158 12754036  1051468 10344585]
1998,[1106523 5592931 1029743 1068719 1126899]
1999,[1029743  841365  883932  957232 8090537]
2000,[ 844179  983584 1106523  880150  999858]
2001,[1027068 1029743 1097418  934172 1106523]
2002,[ 862799 1106523  825343 1000050  946839]
2003,[10344585  8014645   867547   963835  5569471]
2004,[1040807 1055425  880150 8015407 5568378]
2005,[1137775  841220 1106523  910673 1044078]
2006,[5569471  916993  849100 1041796 9677236]
2007,[ 949142  936753 1028953  895295 1067606]
2008,[13115914  1126899   936830  5570383   913210]
2010,[ 823704  940947 1086483  844179 1068292]
2011,[ 1004906  1106523 13115894  1127831  1029743]
2012,[ 854405  868645 6633224  892500 1103808]
2014,[1068292 1044078  854852 1022254  844179]
2015,[  940947  6464208   865528 12262830   830503]
2017,[1126899 1070820  983584  973916  918676]
2018,[1082185 1004906 1106523 1127831 1122358]
2019,[ 999779 1132771 9884698  951164 1037840]
2020,[ 948832 6602697  832513 1127758 1127470]
2021,[1004906  896862 9835223 1044078  883932]
2022,[ 906335 1098844 1082185  839656  959179]
2023,[1011457  852856 1106523 1029743 1057011]
2024,[ 1126899  1106523  1043787 12171656   862010]
2025,[ 976199  938118  899624 5569374  999270]
2027,[ 861279 1106523 1029743  872137  995628]
2028,[5569230  839419  895295 5568378 8090509]
2029,[ 892728  952698  837751  899624 1078652]
2030,[ 944836 1087102  901062  951412 1056509]
2033,[1127758 1002771 1013167 1004906  899624]
2034,[1126899 9884698  866211 1004906 1130858]
2035,[1068504 1097458 1106523  899624  835530]
2036,[1126899 1024306 1046816 1055504 1089024]
2037,[1070820 1068719 1018007  990797 1006878]
2038,[1132771  971922  933835 1101010  986912]
2040,[1029743 5569230 1070820  861279 1106523]
2041,[ 1074333  1127716 12262978  7410304   921438]
2043,[ 995876  992529  998119 8291322  871756]
2047,[ 973916  929341  949965 8090537  979707]
2048,[1106523 1029743 1126899 1070820  983584]
2049,[1029743 1070820 1126899  976199  901666]
2050,[1024051  857503  895166 1137775  982790]
2053,[5569230 1029743  965766 1091858 9392700]
2055,[5568378 1080853  835098 1011926  909714]
2056,[1106523 8090521  990797  952972 6534030]
2057,[1070820 1126899 5591170 7409874 1106523]
2058,[14106445  1090676  5569471 12731436  1061982]
2060,[1029743  986912 5569230  844179 1106523]
2062,[ 831712 1022254 1026118  896862 1031087]
2063,[1090676  839419  866211 1127831 1127328]
2064,[1075368 1006483  854754  887102 1037840]
2065,[  852015 12301839  1110244   996087  1025581]
2068,[1070820 1004906 1081177 1071342 5568489]
2069,[1106523 1029743  965842 1042907 1070820]
2070,[12810391   904236 10149640   933067   913210]
2071,[1068719  974177 1004906  899624  933835]
2074,[ 883932 1138487  866211  899624  854852]
2075,[1006483  913144 1123842 1097849 9419525]
2076,[1098844 9296919  854852 1046957  835098]
2077,[1106523  896613 6391381 6463742 1029743]
2078,[1029743 1106523  872137  976199 1122358]
2079,[ 979707 1026118  871611 1082185  896613]
2080,[ 871337  838186 1106523  837865 1016709]
2082,[ 970747 1079987  832678  848319  996028]
2083,[1070820  845208 1007512 1037863  851569]
2084,[ 970866 6034857  995965  854852  841309]
2085,[ 850102  983584 1101010  899624  933835]
2086,[ 948953 1082185 1015280 5585510  880150]
2087,[ 916993  948670 1137688 5570383  871722]
2088,[1082185 1136657  880050 1050851  919534]
2089,[1126899 1070820 1029743 1106523 1068719]
2090,[ 910673 1044078 6602697  835300 8293447]
2093,[8090521 8090537 5569471 5569230  865456]
2094,[1082185 5569374  853998 6463775 1070820]
2095,[1068719 5569135  933067  883003  910673]
2097,[ 857540 5568197 6391557 6463710 5585510]
2100,[ 990453 1082185  825343 1117514  899459]
2101,[ 883003 1029743 1101010  983584 1040807]
2102,[12262778   872137   843450   854852  5592931]
2107,[1082185 6463717  859427 6464147 1000237]
2108,[1105488  835098  866871  986912  951412]
2109,[1000736  999270 8065410  937292  983000]
2110,[ 8066803   854754  9420067  1118046 12428017]
2111,[1029743 1089954 1051516 1106523 8090556]
2112,[5585510 1127025  965530 1022254 1082212]
2113,[1042544  916122  883003  946839 1004906]
2114,[ 986912  933835  885290 1105488 1002771]
2115,[1070820 5569471  834158 6979253 8276172]
2116,[ 848029  957951 1105917 1099089  971585]
2117,[6533608 9835619 6534077  976199 1122358]
2119,[ 1029743 12731432   930385   849505   960613]
2120,[899624 866211 986912 933835 852856]
2121,[ 922127  892314  872137 9835509 1054483]
2122,[1106523  835098  901062 1044078 1029743]
2123,[ 889223 5569230 1076199  957232  880284]
2124,[9856740 1126899  880427 1062002 8090521]
2125,[13876901  9419487  6602327   899019   883003]
2126,[ 833724 6034857 9297474 9835509 8090532]
2127,[1029743  983584 1106523 1068719 1128016]
2129,[5569471 1050851 1014948 7464370 1054539]
2130,[ 872137 1101706  983584  944137  834826]
2131,[1086001  878285  968759  878222 1062002]
2132,[ 990797  866211  901062 5578547 1105488]
2133,[1126899 1075007  878222  904105  866548]
2134,[1098844 1082185  865705  825343  981660]
2136,[9707498  901062 6602729 5585510  835098]
2137,[  968072   844179  1044078  1067779 12302069]
2138,[1080677 1029743 1042544  829291 1050741]
2139,[ 957232 1100972 1041796  933835 1040807]
2140,[1127831  854852  826597 1044078 1070820]
2141,[1070820  844462 1110244  974177  885697]
2142,[ 913210 6533362 6704207 5568729 1075175]
2144,[ 976199  957063 1019247 1054539 8090532]
2146,[904236 898121 857503 973135 944836]
2147,[  953539   848319 10457044   829852  1098248]
2148,[ 948670 1128812  950894  895930 1101010]
2149,[ 939681  849202 1114811 1082185 1106523]
2153,[13841744  1044078  5592931   866211   854405]
2154,[1106523 6904666  999270 6533362  901062]
2156,[ 913210 8090537  850102 1016276 1122358]
2158,[ 929341 1116770  898342 1044078 1029743]
2159,[5592931  965766  925862  871756  940947]
2160,[ 953539  976199  854133 1122358 1004906]
2161,[ 890610  865156 1126899  976214 7138817]
2162,[1052294 1005576 1110244 6395907  896085]
2165,[1081177 1075368 1037840  854852  899624]
2168,[8090521 1070702 1044078 1090931  880284]
2170,[1013928  863762 7441498 6463729  867272]
2171,[1086384  986912  872177  907099  999104]
2172,[ 849202 1029743  840890  906844  837304]
2173,[1062002 1087102 1132771 1118033 1105488]
2174,[ 976199 8090513  907631 1029743 1126899]
2179,[1019247  933067 8090440 8291322 1009187]
2181,[1110111 5569230 9187298 1106523  971922]
2182,[ 872137  976199  913210 6039687  839656]
2183,[12731432  1082185  6034857  1098248   857503]
2184,[1050534  951561  863885  827656 1056509]
2185,[ 839656 5569376  862725 5566309 1100972]
2186,[8090521  982790  965766 1075368 9835903]
2187,[ 899624 9835223 1038663 1012587  839419]
2188,[1106523 1125601  913210 1101010  933835]
2189,[ 913210 1042942 1029743  834117  865456]
2190,[883003 983106 995628 895680 993638]
2192,[ 899624  866211 1004906  849202  854852]
2193,[1070820 1005274 1055504 1104414  862725]
2194,[5569376 9487885  887661  853448 1090884]
2195,[1126899 1138443 1055504 1106523 1029743]
2196,[1029743  880150 1106523  844179 1027835]
2197,[ 865456  834117 7168026  913210 7168058]
2198,[1013928  863762  890610  944534 1065061]
2199,[1126899  849003 1101010 1041796  901062]
2200,[  972931 10204556  1138858   870929   876232]
2203,[1018818  951412 1022254 1034176 5578547]
2204,[ 1044078   835530   871756   844179 12695224]
2206,[ 913210 9803545 1029743 1070820  976199]
2207,[ 972143 1116005 1095587 1043494  911311]
2208,[5569230  940947 1106271 1128016  908064]
2209,[14106445  1098844   948832   938319  1135834]
2211,[1126899 1126045 5569471  908318 1070820]
2213,[ 1126899  1070820 10344585   887661  9396705]
2214,[1106523 1082212  965766 1029743 8090537]
2215,[1075368 1112205 1004906  880150  830245]
2216,[1072523 1070820 1126899 1029743 8090537]
2217,[1022254 1055504 6633210  891752 1019643]
2218,[ 976199 1081177 1004906 1070820  913210]
2221,[6533368  901062 1070820 1106523 1060408]
2222,[1008032 5569230 1054262  827667 1041796]
2223,[ 986912  871756  996087 8090537 1046587]
2224,[1070820  923670 1015067 5567502  996009]
2225,[1110111  888275  845265  834158  872137]
2226,[ 981660  996444  986912  841016 1126899]
2227,[  871756 12695224   917033   926905  1097001]
2229,[1034176  839419  916122 1127716  880427]
2230,[ 852572 1130729  916122  847207 1082212]
2231,[ 944836 1080853 1009187  979707  909714]
2232,[1029743 1004906  899624 1126899 1106523]
2233,[1098248 1046756 1117219 9835509 8290421]
2234,[  854754   880150 13003092  8065410   841220]
2235,[14106445 12810464   969866 12731436   937292]
2236,[8090521 8090537 1092303  999198  976199]
2237,[ 849202 1131506  978077  950894 5592931]
2238,[ 862318 6391080  971983  834117 1000050]
2240,[1106523 5568378  910032  951561  826666]
2241,[1029743 1106523  901666  893018  901062]
2242,[ 852856 1106523  976199 1075368  841220]
2243,[  825343   848029 13072850   823990   979707]
2244,[9836106  907631 5569327 5568378  999779]
2245,[  833598   832678 12301100   871756  1098248]
2247,[1058214 1065538 1022254 1042544 1100972]
2248,[1091520  947798 1029743 5569230  857503]
2250,[12731432   957063  1094308  5568378   849870]
2251,[1004906 6034857 1106523 1044078  892314]
2252,[ 839766  974156 1094308 1128812 1104343]
2256,[ 976199 1126899 1070820  899624  872137]
2257,[1104349 1106523 1029743 1116376  925862]
2260,[13841744  5568758  1069003   979707   872137]
2261,[ 983584 1037840  863447  975085  826666]
2262,[1122358 1019247  893018 5981267  854852]
2263,[ 976199 5592931 1123146 1121360  915459]
2264,[1126899 5981074 5592610 1106271 8090440]
2266,[ 6602697 12946027  1104343  1026118   951412]
2267,[1097761 1126899  913210 8019977 6514160]
2269,[  936117   916122   999270   869857 12301839]
2270,[ 922561  892500 1001277  871188  954651]
2272,[ 953539 1040807 1082185 1045586 1104343]
2273,[ 934948  880427  867547 1085983  905636]
2274,[ 920191  971922 1101010  930283 1132911]
2275,[ 916122  844179 1044078  944486  968072]
2276,[1106523 1029743 1126899 1070820  944486]
2277,[  959179  1075368 10344585  1118033  1067779]
2278,[  863447   922127   951412 12731436   854852]
2279,[ 849697 8090537 1070272 1121360  968732]
2280,[5569230 1070820 1138443 1082990 1109981]
2281,[1126899 6514160  998352 6034857 1046756]
2282,[ 833724 1019643  896085 1056509  854852]
2283,[1106523 1013597  844179 8090537  899624]
2284,[1044259  944836  951412  910207 1046756]
2285,[1134633 7464370  904833  857503  990656]
2286,[1029743 1106523  899624  866211  871756]
2287,[1029743  854852 1106523  849870 1004906]
2288,[1126899 1106523  893018  899624 1070820]
2289,[ 1029743 10344585  9487606  1106523   913210]
2290,[1029743  827656 1106523  976199  993638]
2291,[ 909714 1132771 1138443  835098  986912]
2292,[ 865456 1029743 1106523 1126899  913210]
2294,[1082185 5590613  912451 5585510  957063]
2295,[ 933354 5563934 5590613  854405  819255]
2296,[  913210  1062128   907631  1016709 12810391]
2297,[12731544  1127758  1004906  1079987  1044078]
2298,[ 929768  821741  882604  966348 9469110]
2299,[ 916122 6602697 1091858  878996  834491]
2300,[  973916 10344585   999104  5568729 12301100]
2301,[ 1057749  1021324 13158064   932340 13512017]
2302,[1000736 1029743 1004906 1106523  908318]
2303,[ 841220  881249 1002771 1112238  882247]
2305,[ 983584  999858 1116050  855488 1056509]
2307,[1138443  883003 1112238 1070845  872177]
2309,[1106523 1068719 1029743  832678  965766]
2310,[ 917816  896613 1068719 5570408  933067]
2312,[1070820  979707 6034857 1048257 1092303]
2313,[1106523 1029743  916122 1044078  844179]
2314,[ 1048257  1017887 12262778   985999   948298]
2317,[1082185 1055425  933835 1138443  872137]
2319,[ 912817 1037840 1081177  899624 1075368]
2321,[ 986912  933835 1040807 1050851  844179]
2322,[1082185 1007571  909714 1115098 1044259]
2323,[1106523 1029743 1004906 1000237 1044078]
2324,[ 938118  865156 1029743  981086 1094924]
2326,[ 957232 1119761 9836106 1036249  973135]
2328,[ 848319 1082990  933354  944836 1009187]
2330,[ 8090536  1092303  1056509  6534030 12988031]
2331,[ 997011  946244 1067606  856252  890695]
2332,[ 860248 5568758 1126899 1029743 1025641]
2333,[1029743  916122 1044078 9396705  844179]
2334,[5566800 5568378 1102416  906335  892573]
2335,[1029743 1106523  854852 5569327 1019247]
2336,[ 916122 1029743  844179 1122358 5568378]
2337,[1097001 1082185 1067695 1117514 1097398]
2338,[1082990 1106523  890695 1070820 1126899]
2341,[12301100   960613  1098284   907625 12648296]
2342,[ 866548 7166865  965766  990797  901062]
2343,[ 856060 6602327  924352 1104343 7409874]
2344,[1000753 1106523 1029743 1126899  874972]
2345,[1004436  849505  887474  959272  983584]
2346,[ 916993 1009770 1068719  978343 1029743]
2347,[5569230 1034176  821741 1029743 8090521]
2348,[ 916122 1106523  844179  866211 1029743]
2349,[ 940947 5569230  899624 7464370 1053730]
2351,[1068292 1112205 9835509  957013 8181451]
2352,[ 872137 6034857 1080853  866211 1004906]
2353,[1047769 1082185  866211 1056509 1068719]
2354,[1126899  913210  897954 9835509 1004475]
2355,[1081177 1029743 1075368  899624 1106523]
2357,[9575582  945909  986912  907631 1106523]
2358,[ 939900  847790  989824  844179 1004906]
2359,[ 1106523  1103105   960732 12648296  1122358]
2360,[ 8091550 12263492   909714   883003  5568729]
2361,[ 1126899  1121656  1053329   957232 12810393]
2363,[6602697  944137 1070820  946839 1126899]
2364,[5568378  999270 6034857 5585510 1070702]
2366,[ 948670  870929  886996 1012701 1006184]
2367,[5592931 5585510 1094308 1025611  949023]
2369,[1029743 8090440  889223 1121059 1112238]
2370,[1070820  825365  946839 1098248 9392700]
2371,[1026118 6602440 1072523 1082185 1068292]
2372,[ 982469  995965 1037840  890909 8090532]
2374,[1070820  872137 1041796 1019643  954673]
2375,[1072685  989069  986021  883932  896613]
2376,[1056509  919534 1040807  901666  971922]
2377,[  866211   986912 13189726   863447   899624]
2378,[ 1101822  9677366 12301109  1054402   936117]
2379,[ 860248  854405 1101706  892314  839419]
2380,[1029743  948670 1122358 5585510 1101980]
2381,[ 916122  895930  890695 1131344 5570408]
2386,[1029743  839656  916122 1106523 1009187]
2387,[ 848029  940947 1029743  823704 5565202]
2388,[ 960613 1106523 9833277  933835  854900]
2389,[  930666  1029743 12946027   937292   893018]
2392,[ 965766  995876 1068719 1009368  895166]
2393,[1107420  863447 1085435  907099  995965]
2394,[5568729  908318 1004906 6034857  968732]
2395,[ 985893  949294  993638 5569230  825731]
2396,[6034857 1126899  854852  976199  901062]
2398,[6463775 1027168  910032  940947 1100972]
2400,[ 838186  957951  947798  907631 8090509]
2401,[ 848029  825343 1081177  854852 1106523]
2402,[1106523 1029743 1070820 1126899  944137]
2404,[1106523 1029743  916122  866211 1075368]
2405,[6602697 1091383 1127025  936914 1053730]
2406,[ 1126899   910109   893018  6514259 10344585]
2407,[ 937292  878442  883940 1092588  890909]
2408,[1138443  938138 1101010 1029743  908318]
2410,[1106523 1097418 8291322 1029743 5569230]
2412,[ 1122358 13841744   969568  9836106   870547]
2415,[1029743 1082185 1075368 1055504 1044078]
2416,[1098844  849697  910473 6633210 1042544]
2418,[1029743  987044 9245108 1100379 1044078]
2419,[1127831 1126899 1070820 1004906 1029743]
2420,[  999779  1068719   880150 13210025  7144132]
2421,[1040807 1126899  972665 1079228 1110244]
2423,[6443332 1029743  844179  911974  944139]
2424,[ 870547 6034857  916993 1019643 1080989]
2425,[1070820 1075214 1042438  832678  919681]
2426,[1058404 1029743 1044078  899624 1033403]
2427,[ 856252  919534 1093571 1034955 1054539]
2430,[5569230 8065410  841220  976199 1004906]
2431,[ 944139  971922 1068292  844179 1106523]
2432,[ 986912 1110244 1101010 1137387 1137344]
2435,[10198378  1081177   899624   983584  1029743]
2437,[1070820 1093571  946839  856252 8090536]
2438,[ 892048 8090556  919766  916122 5592094]
2440,[ 874972  916122  866211 1041796  871756]
2441,[1029743  898121  885023 1131488 1106523]
2442,[1126899  866211 1070820 1106523  899624]
2445,[ 913278 1102879  893018  995628 1062117]
2446,[ 938118 1044259 1051211  990797  963868]
2447,[ 883186  948298  944137 1006342  963835]
2448,[1106523  993638 1054402  829852 5570048]
2449,[ 872137 6514160  862682 1137507  999391]
2450,[1102949 1126899  831628 1070820 1022254]
2451,[ 872137 1076580  923670  983106  903609]
2452,[ 949023 1127758 5568378 1137387 1074333]
2453,[1106271 1070820  976199 1136719 6391381]
2454,[ 909714 1044078  823704  999270 1029743]
2455,[1131321  849202  959316 5572738 1102416]
2456,[ 951412 1029743  899624 6514160 1044078]
2457,[ 901062 1112238 1134210 1106523  933835]
2458,[1127831  965842 5569471 1126899  913210]
2459,[1128016 7410336 9526628  898363 1015539]
2460,[5569230 5568378  907631 8090521  976199]
2461,[1110409  909714  866871  835098 1105488]
2462,[ 901062 6034857  829645  976199  851146]
2464,[1051211 1082212 1137775 1029743  835278]
2465,[10344585   993379   986912   834117  1044188]
2466,[1029743 1106523  958067  899624  862682]
2467,[1126899  833940 1083446 6602697 8090536]
2468,[1031316  979707  912704 1067606 1027168]
2469,[  983584   860167  1075368  1051468 12731436]
2470,[8019968  950894 9677949 1002850 1106523]
2471,[1126899 1070820 1004906  848319  893018]
2472,[ 836445 1101010  933835 1082185 1133254]
2474,[1029743 1106523 1126899 1068719 8090532]
2475,[ 1070820  5569471  1079228 12262830   971922]
2478,[ 965766 1061688  932949 1033142  959316]
2479,[8090532  910032 1061982 1056973 9835509]
2481,[ 963971 1057749  865456 1132771  850102]
2482,[1082185  983584  832678  872137 5568729]
2483,[ 878996  948832 1130375 6533936 1070820]
2484,[ 878715  973916 1050851  896613 1056509]
2485,[12695224   944249  5569230   923789  1106523]
2486,[  940947   945998 13877192   854133   863885]
2488,[911017 860248 919534 834117 972665]
2489,[1053730  883616  901062 1092588 1021715]
2490,[ 5590613   844179   976199 12301100   893018]
2492,[1128812  914577  883003 1106523  866755]
2494,[ 969568 1004906 6548453  904236 1110111]
2496,[ 5569230   999858   979707 12810464   907631]
2497,[ 970202 1051516 1051323 1040807 5981074]
2498,[1070820 1100379  832678 1126899  978077]
2499,[1079228 1070820 5568378 5569327 1059902]
2500,[1065538 1056509 1019643  854405 1013389]
